etf,date,prev_date,span,valid,code,name,asset,s_prev,s_cur,w_prev,w_cur,k,raw_delta,active_delta,active_w,action,active_ntd,raw_ntd,flow_ntd
00400A,2026-10-08,2026-10-07,1,True,3661,世芯-KY,tw_stock,49000.0,184000.0,0.66,2.62,1.0,135000.0,135000.0,1.9222826086956522,add,598637250.0,598637250.0,0.0
00400A,2026-10-08,2026-10-07,1,True,3231,緯創,tw_stock,0.0,819000.0,0.0,0.51,1.0,819000.0,819000.0,0.51,new,158824200.0,158824200.0,0.0
00400A,2026-10-08,2026-10-07,1,True,2345,智邦,tw_stock,0.0,74000.0,0.0,0.5,1.0,74000.0,74000.0,0.5,new,155710000.0,155710000.0,0.0
00400A,2026-10-08,2026-10-07,1,True,1476,儒鴻,tw_stock,0.0,70000.0,0.0,0.07,1.0,70000.0,70000.0,0.07,new,21799400.000000004,21799400.000000004,0.0
00400A,2026-10-08,2026-10-07,1,True,3665,貿聯-KY,tw_stock,295000.0,228000.0,2.19,1.76,1.0,-67000.0,-67000.0,-0.5171929824561404,trim,-161064238.59649125,-161064238.59649125,0.0
00400A,2026-10-08,2026-10-07,1,True,3653,健策,tw_stock,221000.0,176000.0,4.83,4.13,1.0,-45000.0,-45000.0,-1.055965909090909,trim,-328848903.4090909,-328848903.4090909,0.0
00400A,2026-10-08,2026-10-07,1,True,5274,信驊,tw_stock,47400.0,28400.0,2.7,1.63,1.0,-19000.0,-19000.0,-1.0904929577464788,trim,-339601316.90140843,-339601316.90140843,0.0
00400A,2026-10-08,2026-10-07,1,True,2059,川湖,tw_stock,123000.0,78000.0,4.66,2.71,1.0,-45000.0,-45000.0,-1.5634615384615382,trim,-486893192.3076922,-486893192.3076922,0.0
00403A,2026-10-08,2026-10-07,1,True,5274,信驊,tw_stock,95500.0,117500.0,1.17,1.43,1.0,22000.0,22000.0,0.2677446808510638,add,387672878.29787225,387672878.29787225,0.0
00403A,2026-10-08,2026-10-07,1,True,2368,金像電,tw_stock,320000.0,480000.0,0.28,0.43,1.0,160000.0,160000.0,0.14333333333333334,add,207535200.0,207535200.0,0.0
00403A,2026-10-08,2026-10-07,1,True,6274,台燿,tw_stock,2000000.0,2100000.0,2.38,2.55,1.0,100000.0,100000.0,0.12142857142857141,add,175818857.14285713,175818857.14285713,0.0
00403A,2026-10-08,2026-10-07,1,True,6488,環球晶,tw_stock,1600000.0,800000.0,1.34,0.63,1.0,-800000.0,-800000.0,-0.63,trim,-912189600.0,-912189600.0,0.0
00403A,2026-10-08,2026-10-07,1,True,2337,旺宏,tw_stock,1000.0,0.0,0.0,0.0,1.0,-1000.0,-1000.0,,exit_tiny,,,
00404A,2026-10-08,2026-10-07,1,True,202610TXF,台股期貨10/26,future,73.0,88.0,17.31,20.83,1.0,15.0,15.0,3.5505681818181816,add,149656448.86363637,149656448.86363637,0.0
00404A,2026-10-08,2026-10-07,1,True,3443,創意電子,tw_stock,3000.0,5000.0,0.6,1.0,1.0,2000.0,2000.0,0.4,add,16860000.0,16860000.0,0.0
00404A,2026-10-08,2026-10-07,1,True,2454,聯發科技,tw_stock,59500.0,61500.0,6.82,6.92,1.0,2000.0,2000.0,0.22504065040650406,add,9485463.414634146,9485463.414634146,0.0
00404A,2026-10-08,2026-10-07,1,True,3653,健策精密工業,tw_stock,2000.0,3000.0,0.32,0.52,1.0,1000.0,1000.0,0.17333333333333334,flow,7306000.000000001,7306000.000000001,0.0
00404A,2026-10-08,2026-10-07,1,True,8299,群聯電子,tw_stock,23000.0,25000.0,1.12,1.23,1.0,2000.0,2000.0,0.09839999999999999,add,4147559.9999999995,4147559.9999999995,0.0
00405A,2026-10-08,2026-10-07,1,True,5274,信驊,tw_stock,64300.0,79300.0,4.57,5.6,1.0,15000.0,15000.0,1.0592686002522067,add,264817150.06305167,264817150.06305167,0.0
00405A,2026-10-08,2026-10-07,1,True,6510,精測,tw_stock,20000.0,1000.0,0.24,0.01,1.0,-19000.0,-19000.0,-0.19,trim,-47500000.0,-47500000.0,0.0
00405A,2026-10-08,2026-10-07,1,True,3443,創意,tw_stock,183000.0,173000.0,6.19,5.84,1.0,-10000.0,-10000.0,-0.3375722543352601,trim,-84393063.58381502,-84393063.58381502,0.0
00406A,2026-10-08,2026-10-07,1,True,202610TX,臺股期貨,future,1520.0,1580.0,23.68,23.73,1.0,60.0,60.0,0.9011392405063291,add,578143902.5316455,578143902.5316455,0.0
00406A,2026-10-08,2026-10-07,1,True,1303,南亞塑膠工業,tw_stock,395000.0,1445000.0,0.19,0.68,1.0,1050000.0,1050000.0,0.49411764705882355,add,317011058.8235294,317011058.8235294,0.0
00406A,2026-10-08,2026-10-07,1,True,2454,聯發科技,tw_stock,797000.0,832000.0,6.01,5.94,1.0,35000.0,35000.0,0.2498798076923077,add,160315388.22115386,160315388.22115386,0.0
00406A,2026-10-08,2026-10-07,1,True,3443,創意電子,tw_stock,154000.0,172000.0,2.03,2.19,1.0,18000.0,18000.0,0.2291860465116279,add,147038891.86046514,147038891.86046514,0.0
00406A,2026-10-08,2026-10-07,1,True,3189,景碩科技,tw_stock,816000.0,936000.0,1.4,1.53,1.0,120000.0,120000.0,0.19615384615384615,add,125846423.0769231,125846423.0769231,0.0
00406A,2026-10-08,2026-10-07,1,True,3037,欣興電子,tw_stock,2945000.0,3045000.0,5.99,5.88,1.0,100000.0,100000.0,0.19310344827586207,add,123889379.31034485,123889379.31034485,0.0
00406A,2026-10-08,2026-10-07,1,True,2330,台灣積體電路製造,tw_stock,2369000.0,2409000.0,9.57,9.34,1.0,40000.0,40000.0,0.15508509755085098,add,99497946.03569947,99497946.03569947,0.0
00406A,2026-10-08,2026-10-07,1,True,5274,信驊科技,tw_stock,93000.0,97000.0,2.57,2.58,1.0,4000.0,4000.0,0.10639175257731959,add,68257756.70103094,68257756.70103094,0.0
00406A,2026-10-08,2026-10-07,1,True,6147,頎邦科技,tw_stock,1830000.0,2130000.0,0.66,0.73,1.0,300000.0,300000.0,0.1028169014084507,add,65964239.43661972,65964239.43661972,0.0
00406A,2026-10-08,2026-10-07,1,True,6805,富世達股份有限公司,tw_stock,44000.0,22000.0,0.17,0.08,1.0,-22000.0,-22000.0,-0.08,trim,-51325600.00000001,-51325600.00000001,0.0
00406A,2026-10-08,2026-10-07,1,True,TXVJ62026,臺指選擇權第二週週五到期契約買權,future,-4030.0,-5110.0,-13.16,-15.62,1.0,-1080.0,-1080.0,,trim_small,,,
00408A,2026-10-08,2026-10-07,1,True,2368,金像電,tw_stock,55000.0,56000.0,4.43,4.67,1.0,1000.0,1000.0,0.08339285714285714,flow,1289253.5714285714,1289253.5714285714,0.0
00408A,2026-10-08,2026-10-07,1,True,2059,川湖,tw_stock,500.0,499.0,0.38,0.34,1.0,-1.0,-1.0,-0.0006813627254509019,flow,-10533.867735470943,-10533.867735470943,0.0
00408A,2026-10-08,2026-10-07,1,True,3037,欣興,tw_stock,52999.0,47999.0,4.47,3.96,1.0,-5000.0,-5000.0,-0.4125085939290402,trim,-6377382.8621429615,-6377382.8621429615,0.0
00408A,2026-10-08,2026-10-07,1,True,2449,京元電子,tw_stock,74000.0,52000.0,1.43,1.03,1.0,-22000.0,-22000.0,-0.4357692307692308,trim,-6736992.307692308,-6736992.307692308,0.0
00408A,2026-10-08,2026-10-07,1,True,2481,強茂,tw_stock,86000.0,0.0,0.99,0.0,1.0,-86000.0,-86000.0,-0.99,exit,-15305399.999999998,-15305399.999999998,0.0
00981A,2026-10-08,2026-10-07,1,True,2330,台積電,tw_stock,11464000.0,11824000.0,10.13,10.35,1.0,360000.0,360000.0,0.31512178619756426,add,921617780.7848444,921617780.7848444,0.0
00981A,2026-10-08,2026-10-07,1,True,3443,創意,tw_stock,616000.0,684000.0,1.78,1.96,1.0,68000.0,68000.0,0.19485380116959064,add,569877221.0526316,569877221.0526316,0.0
00981A,2026-10-08,2026-10-07,1,True,2368,金像電,tw_stock,3420000.0,3741000.0,1.46,1.65,1.0,321000.0,321000.0,0.14157979149959904,add,414069921.4113873,414069921.4113873,0.0
00981A,2026-10-08,2026-10-07,1,True,3711,日月光投控,tw_stock,9276000.0,8348000.0,2.32,2.13,1.0,-928000.0,-928000.0,-0.23678006708193577,trim,-692496455.3905126,-692496455.3905126,0.0
00981A,2026-10-08,2026-10-07,1,True,3037,欣興,tw_stock,19300000.0,18721000.0,8.61,8.16,1.0,-579000.0,-579000.0,-0.25237113402061856,trim,-738094713.4020619,-738094713.4020619,0.0
00981A,2026-10-08,2026-10-07,1,True,2449,京元電子,tw_stock,12938450.0,8456450.0,1.32,0.88,1.0,-4482000.0,-4482000.0,-0.46640848110022526,trim,-1364076900.164963,-1364076900.164963,0.0
00982A,2026-10-08,2026-10-07,1,True,8070,長華*,tw_stock,3712000.0,4312000.0,0.37,0.42,1.0,600000.0,600000.0,0.05844155844155844,add,30599415.584415585,30599415.584415585,0.0
00982A,2026-10-08,2026-10-07,1,True,6672,騰輝電子-KY,tw_stock,706000.0,729000.0,0.68,0.78,1.0,23000.0,23000.0,0.02460905349794239,add_small,12885054.320987657,12885054.320987657,0.0
00984A,2026-10-08,2026-10-07,1,True,2059,川湖,tw_stock,20000.0,21000.0,2.31,2.18,1.0,1000.0,1000.0,0.10380952380952381,flow,10613485.714285715,10613485.714285715,0.0
00984A,2026-10-08,2026-10-07,1,True,3443,創意電子,tw_stock,14000.0,15000.0,1.16,1.22,1.0,1000.0,1000.0,0.08133333333333334,flow,8315520.000000001,8315520.000000001,0.0
00984A,2026-10-08,2026-10-07,1,True,2883,凱基金控,tw_stock,6257000.0,6449000.0,2.36,2.37,1.0,192000.0,192000.0,0.07055977670956737,add,7214031.570786167,7214031.570786167,0.0
00984A,2026-10-08,2026-10-07,1,True,3017,奇鋐,tw_stock,129000.0,131000.0,4.47,4.38,1.0,2000.0,2000.0,0.06687022900763359,add,6836812.213740459,6836812.213740459,0.0
00984A,2026-10-08,2026-10-07,1,True,3008,大立光電,tw_stock,25000.0,26000.0,1.67,1.69,1.0,1000.0,1000.0,0.06499999999999999,flow,6645599.999999998,6645599.999999998,0.0
00984A,2026-10-08,2026-10-07,1,True,6223,旺矽,tw_stock,1000.0,2000.0,0.05,0.11,1.0,1000.0,1000.0,0.055,flow,5623200.0,5623200.0,0.0
00984A,2026-10-08,2026-10-07,1,True,2890,永豐金控,tw_stock,5219000.0,5331000.0,2.28,2.29,1.0,112000.0,112000.0,0.048111048583755395,add_small,4918873.607203151,4918873.607203151,0.0
00984A,2026-10-08,2026-10-07,1,True,2464,盟立,tw_stock,651000.0,675000.0,1.23,1.23,1.0,24000.0,24000.0,0.04373333333333333,add_small,4471296.0,4471296.0,0.0
00984A,2026-10-08,2026-10-07,1,True,3661,世芯-KY,tw_stock,6000.0,7000.0,0.25,0.3,1.0,1000.0,1000.0,0.04285714285714286,flow,4381714.285714285,4381714.285714285,0.0
00984A,2026-10-08,2026-10-07,1,True,3711,日月光投控,tw_stock,85000.0,89000.0,0.61,0.65,1.0,4000.0,4000.0,0.029213483146067417,add_small,2986786.5168539328,2986786.5168539328,0.0
00984A,2026-10-08,2026-10-07,1,True,4958,臻鼎-KY,tw_stock,107000.0,112000.0,0.62,0.65,1.0,5000.0,5000.0,0.029017857142857144,add_small,2966785.7142857146,2966785.7142857146,0.0
00984A,2026-10-08,2026-10-07,1,True,8039,台虹科技,tw_stock,211000.0,219000.0,0.63,0.65,1.0,8000.0,8000.0,0.023744292237442923,add_small,2427616.4383561644,2427616.4383561644,0.0
00984A,2026-10-08,2026-10-07,1,True,3665,貿聯-KY,tw_stock,28000.0,29000.0,0.63,0.67,1.0,1000.0,1000.0,0.02310344827586207,flow,2362096.551724138,2362096.551724138,0.0
00984A,2026-10-08,2026-10-07,1,True,1560,中砂,tw_stock,136000.0,138000.0,1.36,1.36,1.0,2000.0,2000.0,0.01971014492753623,add_small,2015165.2173913042,2015165.2173913042,0.0
00984A,2026-10-08,2026-10-07,1,True,7750,新代,tw_stock,32000.0,33000.0,0.62,0.64,1.0,1000.0,1000.0,0.019393939393939394,flow,1982836.3636363638,1982836.3636363638,0.0
00984A,2026-10-08,2026-10-07,1,True,6274,台燿,tw_stock,4000.0,5000.0,0.07,0.08,1.0,1000.0,1000.0,0.016,flow,1635840.0000000002,1635840.0000000002,0.0
00984A,2026-10-08,2026-10-07,1,True,6691,洋基工程,tw_stock,86000.0,88000.0,0.65,0.68,1.0,2000.0,2000.0,0.015454545454545455,add_small,1580072.7272727273,1580072.7272727273,0.0
00984A,2026-10-08,2026-10-07,1,True,6197,佳必琪,tw_stock,191000.0,195000.0,0.69,0.73,1.0,4000.0,4000.0,0.014974358974358974,add_small,1530978.4615384615,1530978.4615384615,0.0
00984A,2026-10-08,2026-10-07,1,True,5351,鈺創,tw_stock,585000.0,597000.0,0.66,0.67,1.0,12000.0,12000.0,0.013467336683417087,add_small,1376900.502512563,1376900.502512563,0.0
00984A,2026-10-08,2026-10-07,1,True,3231,緯創,tw_stock,339000.0,346000.0,0.61,0.64,1.0,7000.0,7000.0,0.012947976878612717,add_small,1323801.1560693642,1323801.1560693642,0.0
00984A,2026-10-08,2026-10-07,1,True,2351,順德,tw_stock,299000.0,305000.0,0.64,0.64,1.0,6000.0,6000.0,0.012590163934426229,add_small,1287218.3606557376,1287218.3606557376,0.0
00984A,2026-10-08,2026-10-07,1,True,5434,崇越,tw_stock,54000.0,56000.0,0.32,0.33,1.0,2000.0,2000.0,0.011785714285714285,add_small,1204971.4285714284,1204971.4285714284,0.0
00984A,2026-10-08,2026-10-07,1,True,6531,愛普科技,tw_stock,3000.0,4000.0,0.03,0.04,1.0,1000.0,1000.0,0.01,flow,1022400.0,1022400.0,0.0
00984A,2026-10-08,2026-10-07,1,True,2637,慧洋-KY,tw_stock,319000.0,325000.0,0.3,0.31,1.0,6000.0,6000.0,0.005723076923076923,add_small,585127.3846153846,585127.3846153846,0.0
00984A,2026-10-08,2026-10-07,1,True,2313,華通,tw_stock,62000.0,64000.0,0.15,0.16,1.0,2000.0,2000.0,0.005,add_small,511200.0,511200.0,0.0
00984A,2026-10-08,2026-10-07,1,True,9933,中鼎,tw_stock,18619.0,18618.0,0.01,0.01,1.0,-1.0,-1.0,-5.371146202599635e-07,flow,-54.91459877537867,-54.91459877537867,0.0
00985A,2026-10-08,2026-10-07,1,True,2027,大成不銹鋼工業,tw_stock,2097000.0,5135000.0,0.61,1.41,1.0,3038000.0,3038000.0,0.8341927945472248,add,137758598.09152868,137758598.09152868,0.0
00985A,2026-10-08,2026-10-07,1,True,1216,統一企業,tw_stock,4400000.0,6307000.0,2.01,2.71,1.0,1907000.0,1907000.0,0.8194022514666244,add,135316087.80719835,135316087.80719835,0.0
00985A,2026-10-08,2026-10-07,1,True,2345,智邦科技,tw_stock,232000.0,290000.0,2.83,3.41,1.0,58000.0,58000.0,0.682,add,112625480.0,112625480.0,0.0
00985A,2026-10-08,2026-10-07,1,True,1301,台灣塑膠工業,tw_stock,1589000.0,3022000.0,0.73,1.4,1.0,1433000.0,1433000.0,0.6638649900727994,add,109630664.46062207,109630664.46062207,0.0
00985A,2026-10-08,2026-10-07,1,True,2881,富邦金融控股,tw_stock,139000.0,897000.0,0.13,0.78,1.0,758000.0,758000.0,0.6591304347826087,add,108848799.99999999,108848799.99999999,0.0
00985A,2026-10-08,2026-10-07,1,True,3105,穩懋半導體,tw_stock,278000.0,456000.0,0.99,1.5,1.0,178000.0,178000.0,0.5855263157894737,add,96693815.78947367,96693815.78947367,0.0
00985A,2026-10-08,2026-10-07,1,True,2368,金像電子（股）公司,tw_stock,126000.0,206000.0,0.95,1.5,1.0,80000.0,80000.0,0.5825242718446602,add,96198058.25242716,96198058.25242716,0.0
00985A,2026-10-08,2026-10-07,1,True,3653,健策精密工業,tw_stock,72000.0,84000.0,2.97,3.42,1.0,12000.0,12000.0,0.4885714285714286,add,80682685.7142857,80682685.7142857,0.0
00985A,2026-10-08,2026-10-07,1,True,4904,遠傳電信,tw_stock,4243000.0,5022000.0,2.72,3.02,1.0,779000.0,779000.0,0.46845479888490643,add,77360625.48785344,77360625.48785344,0.0
00985A,2026-10-08,2026-10-07,1,True,3036,文曄科技,tw_stock,1304000.0,1635000.0,1.7,2.0,1.0,331000.0,331000.0,0.4048929663608563,add,66864024.4648318,66864024.4648318,0.0
00985A,2026-10-08,2026-10-07,1,True,7769,鴻勁精密,tw_stock,61000.0,73000.0,2.17,2.46,1.0,12000.0,12000.0,0.4043835616438356,add,66779901.369863,66779901.369863,0.0
00985A,2026-10-08,2026-10-07,1,True,3081,聯亞光電工業,tw_stock,102000.0,125000.0,1.94,2.1,1.0,23000.0,23000.0,0.3864,add,63810096.0,63810096.0,0.0
00985A,2026-10-08,2026-10-07,1,True,2408,南亞科技,tw_stock,310000.0,434000.0,0.96,1.31,1.0,124000.0,124000.0,0.3742857142857143,add,61809542.85714285,61809542.85714285,0.0
00985A,2026-10-08,2026-10-07,1,True,2303,聯華電子,tw_stock,2684000.0,3113000.0,2.41,2.61,1.0,429000.0,429000.0,0.35968197879858654,add,59397881.978798576,59397881.978798576,0.0
00985A,2026-10-08,2026-10-07,1,True,2603,長榮海運,tw_stock,787000.0,985000.0,1.11,1.3,1.0,198000.0,198000.0,0.26131979695431473,add,43154351.26903553,43154351.26903553,0.0
00985A,2026-10-08,2026-10-07,1,True,2395,研華,tw_stock,406000.0,366000.0,1.8,1.51,1.0,-40000.0,-40000.0,-0.16502732240437157,trim,-27252612.021857917,-27252612.021857917,0.0
00985A,2026-10-08,2026-10-07,1,True,3324,雙鴻科技,tw_stock,18000.0,1000.0,0.17,0.01,1.0,-17000.0,-17000.0,-0.17,trim,-28073800.0,-28073800.0,0.0
00985A,2026-10-08,2026-10-07,1,True,2344,華邦電子,tw_stock,243000.0,1000.0,0.26,0.0,1.0,-242000.0,-242000.0,-0.2589300411522634,trim,-42759706.995884776,-42759706.995884776,0.0
00985A,2026-10-08,2026-10-07,1,True,3037,欣興電子,tw_stock,372000.0,335000.0,2.94,2.42,1.0,-37000.0,-37000.0,-0.2672835820895522,trim,-44139210.74626865,-44139210.74626865,0.0
00985A,2026-10-08,2026-10-07,1,True,3017,奇鋐科技,tw_stock,143000.0,126000.0,3.07,2.46,1.0,-17000.0,-17000.0,-0.3319047619047619,trim,-54810752.38095237,-54810752.38095237,0.0
00985A,2026-10-08,2026-10-07,1,True,8046,南亞電路板,tw_stock,128000.0,85000.0,1.15,0.71,1.0,-43000.0,-43000.0,-0.3591764705882353,trim,-59314402.35294118,-59314402.35294118,0.0
00985A,2026-10-08,2026-10-07,1,True,3491,昇達科技,tw_stock,300000.0,257000.0,3.1,2.46,1.0,-43000.0,-43000.0,-0.4115953307392996,trim,-67970852.91828793,-67970852.91828793,0.0
00985A,2026-10-08,2026-10-07,1,True,2377,微星科技,tw_stock,511000.0,1000.0,0.48,0.0,1.0,-510000.0,-510000.0,-0.4790606653620352,trim,-79112078.27788648,-79112078.27788648,0.0
00985A,2026-10-08,2026-10-07,1,True,3008,大立光電,tw_stock,50000.0,36000.0,2.07,1.36,1.0,-14000.0,-14000.0,-0.5288888888888889,trim,-87340711.11111109,-87340711.11111109,0.0
00985A,2026-10-08,2026-10-07,1,True,3711,日月光投資控股,tw_stock,493000.0,243000.0,2.19,1.03,1.0,-250000.0,-250000.0,-1.0596707818930042,trim,-174994032.9218107,-174994032.9218107,0.0
00987A,2026-10-08,2026-10-07,1,True,6510,精測,tw_stock,22000.0,25000.0,2.64,3.32,1.0,3000.0,3000.0,0.39840000000000003,add,10019760.000000002,10019760.000000002,0.0
00987A,2026-10-08,2026-10-07,1,True,3037,欣興,tw_stock,126000.0,116000.0,6.54,5.9,1.0,-10000.0,-10000.0,-0.5086206896551725,trim,-12791810.344827587,-12791810.344827587,0.0
00991A,2026-10-08,2026-10-07,1,True,2454,聯發科技,tw_stock,1100000.0,1050000.0,6.71,6.31,1.0,-50000.0,-50000.0,-0.30047619047619045,trim,-238178461.90476188,-238178461.90476188,0.0
00993A,2026-10-08,2026-10-07,1,True,1303,南亞,tw_stock,786000.0,846000.0,2.36,2.53,1.0307692307692307,60000.0,35815.38461538474,0.10710747408619786,add,11218436.835788364,18793773.04964539,7575336.213857037
00993A,2026-10-08,2026-10-07,1,True,3081,聯亞光電,tw_stock,41000.0,46000.0,1.23,1.31,1.0307692307692307,5000.0,3738.4615384615463,0.10646488294314405,add,11151131.839464908,14914065.217391305,3762933.3779264083
00993A,2026-10-08,2026-10-07,1,True,6805,富世達,tw_stock,47000.0,51000.0,1.1,1.17,1.0307692307692307,4000.0,2553.846153846156,0.05858823529411769,add,6136531.764705887,9611435.294117646,3474903.5294117527
00993A,2026-10-08,2026-10-07,1,True,6187,萬潤科技,tw_stock,114000.0,121000.0,1.67,1.78,1.0307692307692307,7000.0,3492.3076923077024,0.051374443738080255,add,5380959.237126526,10785623.140495867,5404663.90336934
00993A,2026-10-08,2026-10-07,1,True,3406,玉晶光,tw_stock,108000.0,116000.0,1.12,1.19,1.0307692307692307,8000.0,4676.923076923093,0.047978779840848966,add_small,5025297.400530521,8595903.448275862,3570606.047745345
00993A,2026-10-08,2026-10-07,1,True,3189,景碩科技,tw_stock,446000.0,464000.0,4.68,4.81,1.0307692307692307,18000.0,4276.923076923122,0.04433620689655219,flow,4643774.310344877,19543942.24137931,14900167.93103443
00993A,2026-10-08,2026-10-07,1,True,6505,台塑石化,tw_stock,1023000.0,1092000.0,1.05,1.16,1.0307692307692307,69000.0,37523.076923076995,0.03985967878275578,add_small,4174902.75570584,7677096.703296702,3502193.947590858
00993A,2026-10-08,2026-10-07,1,True,3105,穩懋,tw_stock,191000.0,204000.0,1.07,1.14,1.0307692307692307,13000.0,7123.0769230769365,0.039805429864253464,add_small,4169220.723981908,7609052.94117647,3439832.2171945577
00993A,2026-10-08,2026-10-07,1,True,3491,昇達科技,tw_stock,58000.0,62000.0,0.94,1.01,1.0307692307692307,4000.0,2215.3846153846243,0.03608933002481404,add_small,3779996.4267990226,6824993.548387096,3044997.1215880783
00993A,2026-10-08,2026-10-07,1,True,8021,尖點,tw_stock,172000.0,183000.0,0.91,0.98,1.0307692307692307,11000.0,5707.692307692312,0.030565783942833148,add_small,3201460.2101723435,6169930.054644808,2968469.8444724567
00993A,2026-10-08,2026-10-07,1,True,3042,晶技,tw_stock,274000.0,296000.0,0.55,0.6,1.0307692307692307,22000.0,13569.23076923081,0.027505197505197584,add_small,2880894.386694395,4670837.837837838,1789943.4511434445
00993A,2026-10-08,2026-10-07,1,True,3264,欣銓,tw_stock,198000.0,214000.0,0.47,0.53,1.0307692307692307,16000.0,9907.692307692341,0.024537742631200662,add_small,2570083.163191957,4150444.8598130844,1580361.6966211305
00993A,2026-10-08,2026-10-07,1,True,2404,漢唐,tw_stock,37000.0,40000.0,0.47,0.5,1.0307692307692307,3000.0,1861.5384615384683,0.023269230769230854,add_small,2437219.23076924,3927750.0,1490530.7692307641
00993A,2026-10-08,2026-10-07,1,True,2467,志聖,tw_stock,89000.0,96000.0,0.48,0.51,1.0307692307692307,7000.0,4261.538461538468,0.022639423076923113,add_small,2371253.1730769267,3895018.7500000005,1523765.5769230716
00993A,2026-10-08,2026-10-07,1,True,4958,臻鼎-KY,tw_stock,395000.0,411000.0,2.24,2.35,1.0307692307692307,16000.0,3846.153846153873,0.021991390604529447,flow,2303378.251918414,9582053.527980534,7278675.276062112
00993A,2026-10-08,2026-10-07,1,True,6257,矽格,tw_stock,368000.0,387000.0,0.98,1.06,1.0307692307692307,19000.0,7676.923076923122,0.021027231166766174,add_small,2202392.1924070893,5450810.335917314,3248418.143510225
00993A,2026-10-08,2026-10-07,1,True,2481,強茂,tw_stock,140000.0,153000.0,0.24,0.25,1.0307692307692307,13000.0,8692.307692307717,0.014203117144293655,add_small,1487634.4896933173,2224869.281045751,737234.7913524357
00993A,2026-10-08,2026-10-07,1,True,6271,同欣電子,tw_stock,102000.0,110000.0,0.24,0.26,1.0307692307692307,8000.0,4861.538461538468,0.011490909090909107,add_small,1203557.8181818197,1980538.1818181819,776980.3636363607
00993A,2026-10-08,2026-10-07,1,True,5347,世界先進,tw_stock,161000.0,172000.0,0.29,0.31,1.0307692307692307,11000.0,6046.153846153873,0.010897137745975003,add_small,1141366.2075134218,2076531.3953488374,935165.1878354169
00993A,2026-10-08,2026-10-07,1,True,2360,致茂,tw_stock,22000.0,23000.0,0.5,0.52,1.0307692307692307,1000.0,323.0769230769256,0.007304347826087014,flow,765057.3913043538,2368034.782608696,1602977.3913043423
00993A,2026-10-08,2026-10-07,1,True,2395,研華,tw_stock,199000.0,206000.0,1.39,1.45,1.0307692307692307,7000.0,876.9230769230926,0.006172516803584875,flow,646509.4100074798,5160733.009708737,4514223.599701254
00993A,2026-10-08,2026-10-07,1,True,3711,日月光投控,tw_stock,240000.0,248000.0,1.68,1.78,1.0307692307692307,8000.0,615.3846153846534,0.004416873449131787,flow,462623.3250620634,6014103.225806451,5551479.900744397
00993A,2026-10-08,2026-10-07,1,True,2301,光寶科技,tw_stock,214000.0,222000.0,0.61,0.64,1.0307692307692307,8000.0,1415.3846153846243,0.004080388080388107,flow,427379.8475398503,2415625.225225225,1988245.3776853706
00993A,2026-10-08,2026-10-07,1,True,2368,金像電子,tw_stock,24000.0,25000.0,0.29,0.31,1.0307692307692307,1000.0,261.5384615384646,0.0032430769230769613,flow,339679.87692308094,1298776.0,959096.1230769195
00993A,2026-10-08,2026-10-07,1,True,3044,健鼎科技,tw_stock,130000.0,134000.0,0.72,0.75,1.0307692307692307,4000.0,0.0,0.0,flow,0.0,2344925.3731343285,2344925.37313432
00993A,2026-10-08,2026-10-07,1,True,1560,中砂,tw_stock,169000.0,174000.0,1.65,1.7,1.0307692307692307,5000.0,-199.9999999999709,-0.001954022988505463,flow,-204664.36781606218,5116609.1954023,5321273.563218372
00993A,2026-10-08,2026-10-07,1,True,2027,大成鋼,tw_stock,810000.0,829000.0,0.37,0.39,1.0307692307692307,19000.0,-5923.076923076878,-0.0027864897466827296,flow,-291856.9360675491,936216.4053075996,1228073.3413751465
00993A,2026-10-08,2026-10-07,1,True,2313,華通,tw_stock,184000.0,185000.0,0.43,0.44,1.0307692307692307,1000.0,-4661.538461538439,-0.011086902286902232,rel_under,-1161242.1455301398,249111.35135135133,1410353.4968814917
00993A,2026-10-08,2026-10-07,1,True,2606,裕民,tw_stock,526000.0,526000.0,0.37,0.38,1.0307692307692307,0.0,-16184.615384615376,-0.011692307692307686,rel_under,-1224652.307692307,0.0,1224652.3076923033
00993A,2026-10-08,2026-10-07,1,True,2455,全新,tw_stock,154000.0,154000.0,0.82,0.83,1.0307692307692307,0.0,-4738.461538461532,-0.0255384615384615,rel_under,-2674898.461538458,0.0,2674898.4615384517
00993A,2026-10-08,2026-10-07,1,True,2344,華邦電子,tw_stock,896000.0,896000.0,1.54,1.53,1.0307692307692307,0.0,-27569.230769230635,-0.04707692307692285,rel_under,-4930836.923076899,0.0,4930836.923076906
00993A,2026-10-08,2026-10-07,1,True,2454,聯發科,tw_stock,34000.0,34000.0,1.57,1.54,1.0307692307692307,0.0,-1046.153846153844,-0.04738461538461529,rel_under,-4963064.615384605,0.0,4963064.615384599
00993A,2026-10-08,2026-10-07,1,True,202610TX,台指期貨,future,19.0,19.0,1.71,1.71,1.0307692307692307,0.0,-0.5846153846153825,-0.052615384615384425,rel_under,-5510935.3846153645,0.0,5510935.3846153645
00993A,2026-10-08,2026-10-07,1,True,2303,聯電,tw_stock,1345000.0,1333000.0,1.91,1.9,1.0307692307692307,-12000.0,-53384.61538461526,-0.07609209994806376,trim,-7969886.548560198,-1791501.875468867,6178384.673091327
00993A,2026-10-08,2026-10-07,1,True,2345,智邦,tw_stock,59000.0,56000.0,1.14,1.12,1.0307692307692307,-3000.0,-4815.38461538461,-0.0963076923076922,trim,-10087267.692307683,-6284400.000000001,3802867.692307679
00993A,2026-10-08,2026-10-07,1,True,8046,南電,tw_stock,280000.0,281000.0,3.96,4.0,1.0307692307692307,1000.0,-7615.384615384566,-0.10840405146454898,rel_under,-11354240.350396862,1490960.8540925267,12845201.204489416
00993A,2026-10-08,2026-10-07,1,True,3443,創意電子,tw_stock,45000.0,45000.0,3.63,3.63,1.0307692307692307,0.0,-1384.615384615383,-0.11169230769230755,rel_under,-11698652.307692293,0.0,11698652.307692265
00993A,2026-10-08,2026-10-07,1,True,6274,台燿,tw_stock,244000.0,244000.0,4.01,4.1,1.0307692307692307,0.0,-7507.692307692283,-0.12615384615384573,rel_under,-13213353.846153801,0.0,13213353.846153798
00993A,2026-10-08,2026-10-07,1,True,6669,緯穎,tw_stock,195191.0,195191.0,4.17,4.22,1.0307692307692307,0.0,-6005.876923076896,-0.12984615384615325,rel_under,-13600086.15384609,0.0,13600086.153846106
00993A,2026-10-08,2026-10-07,1,True,3653,健策,tw_stock,13000.0,11000.0,0.84,0.76,1.0307692307692307,-2000.0,-2399.999999999998,-0.1658181818181817,trim,-17367796.36363635,-14473163.636363635,2894632.7272727173
00993A,2026-10-08,2026-10-07,1,True,3017,奇鋐,tw_stock,176000.0,176000.0,5.96,5.84,1.0307692307692307,0.0,-5415.384615384595,-0.179692307692307,rel_under,-18820972.307692237,0.0,18820972.307692237
00993A,2026-10-08,2026-10-07,1,True,2383,台光電子,tw_stock,106000.0,106000.0,6.02,6.14,1.0307692307692307,0.0,-3261.5384615384537,-0.18892307692307647,rel_under,-19787803.07692303,0.0,19787803.076923005
00993A,2026-10-08,2026-10-07,1,True,3037,欣興,tw_stock,518000.0,518000.0,6.45,6.35,1.0307692307692307,0.0,-15938.461538461503,-0.19538461538461493,rel_under,-20464584.615384568,0.0,20464584.61538454
00993A,2026-10-08,2026-10-07,1,True,2408,南亞科,tw_stock,607000.0,577000.0,2.98,2.96,1.0307692307692307,-30000.0,-48676.923076923005,-0.24971177176376447,trim,-26154810.97453669,-16119431.542461004,10035379.432075687
00993A,2026-10-08,2026-10-07,1,True,2330,台積電,tw_stock,341000.0,341000.0,8.43,8.38,1.0307692307692307,0.0,-10492.30769230763,-0.25784615384615234,rel_under,-27006806.153845996,0.0,27006806.15384606
00993A,2026-10-08,2026-10-07,1,True,6223,旺矽,tw_stock,79000.0,76000.0,4.17,4.09,1.0307692307692307,-3000.0,-5430.76923076922,-0.29226113360323824,trim,-30611431.133603174,-16909997.36842105,13701433.765182136
00993A,2026-10-08,2026-10-07,1,True,2059,川湖,tw_stock,19000.0,11000.0,2.14,1.13,1.0307692307692307,-8000.0,-8584.615384615383,-0.8818741258741256,trim,-92367495.94405591,-86077236.36363636,6290259.580419556
00994A,2026-10-08,2026-10-07,1,True,2368,金像電,tw_stock,32000.0,43000.0,0.85,1.19,1.0,11000.0,11000.0,0.30441860465116277,add,14268100.0,14268100.0,0.0
00994A,2026-10-08,2026-10-07,1,True,2059,川湖,tw_stock,14501.0,13001.0,3.65,2.98,1.0,-1500.0,-1500.0,-0.34381970617644797,trim,-16114829.628490116,-16114829.628490116,0.0
00994A,2026-10-08,2026-10-07,1,True,3037,欣興,tw_stock,244001.0,230001.0,6.79,6.31,1.0,-14000.0,-14000.0,-0.38408528658571045,trim,-18002077.382272247,-18002077.382272247,0.0
00994A,2026-10-08,2026-10-07,1,True,2449,京元電子,tw_stock,162000.0,82000.0,1.04,0.54,1.0,-80000.0,-80000.0,-0.526829268292683,trim,-24692487.80487805,-24692487.80487805,0.0
00994A,2026-10-08,2026-10-07,1,True,2481,強茂,tw_stock,250000.0,0.0,0.95,0.0,1.0,-250000.0,-250000.0,-0.95,exit,-44526500.0,-44526500.0,0.0
00995A,2026-10-08,2026-10-07,1,True,3443,創意電子,tw_stock,9000.0,14000.0,1.54,2.38,1.0,5000.0,5000.0,0.85,add,41964500.0,41964500.0,0.0
00995A,2026-10-08,2026-10-07,1,True,6510,中華精測科技,tw_stock,20000.0,23000.0,1.22,1.55,1.0,3000.0,3000.0,0.2021739130434783,add,9981326.086956523,9981326.086956523,0.0
00995A,2026-10-08,2026-10-07,1,True,6515,穎崴科技,tw_stock,14000.0,5000.0,1.57,0.57,1.0,-9000.0,-9000.0,-1.026,trim,-50653620.0,-50653620.0,0.0
00996A,2026-10-08,2026-10-07,1,True,8021,尖點,tw_stock,308000.0,332000.0,3.88,4.06,1.0,24000.0,24000.0,0.2934939759036144,add,12948954.21686747,12948954.21686747,0.0
00996A,2026-10-08,2026-10-07,1,True,6683,雍智科技,tw_stock,88000.0,97000.0,2.88,3.01,1.0,9000.0,9000.0,0.2792783505154639,add,12321760.824742267,12321760.824742267,0.0
00996A,2026-10-08,2026-10-07,1,True,3533,嘉澤端子,tw_stock,6000.0,12000.0,0.25,0.5,1.0,6000.0,6000.0,0.25,add,11030000.0,11030000.0,0.0
00996A,2026-10-08,2026-10-07,1,True,2472,立隆電子,tw_stock,468000.0,514000.0,2.58,2.75,1.0,46000.0,46000.0,0.2461089494163424,add,10858326.848249026,10858326.848249026,0.0
00996A,2026-10-08,2026-10-07,1,True,6830,汎銓,tw_stock,85495.0,106495.0,1.03,1.24,1.0,21000.0,21000.0,0.24451852199633783,add,10788157.190478424,10788157.190478424,0.0
00996A,2026-10-08,2026-10-07,1,True,6278,台表科,tw_stock,707000.0,751000.0,4.01,4.09,1.0,44000.0,44000.0,0.2396271637816245,add,10572350.466045272,10572350.466045272,0.0
00996A,2026-10-08,2026-10-07,1,True,2327,國巨,tw_stock,368000.0,385000.0,5.4,5.36,1.0,17000.0,17000.0,0.23667532467532468,add,10442115.324675325,10442115.324675325,0.0
00996A,2026-10-08,2026-10-07,1,True,3189,景碩科技,tw_stock,124000.0,134000.0,3.09,3.16,1.0,10000.0,10000.0,0.23582089552238805,add,10404417.910447761,10404417.910447761,0.0
00996A,2026-10-08,2026-10-07,1,True,3037,欣興電子,tw_stock,83000.0,91000.0,2.46,2.54,1.0,8000.0,8000.0,0.22329670329670329,add,9851850.54945055,9851850.54945055,0.0
00996A,2026-10-08,2026-10-07,1,True,3443,創意電子,tw_stock,23000.0,24000.0,4.41,4.4,1.0,1000.0,1000.0,0.18333333333333335,flow,8088666.666666668,8088666.666666668,0.0
