date,code,name,n_etf,n_holders,n_holders_prev,n_buy,n_sell,active_ntd,raw_ntd,flow_ntd,active_shares,raw_shares,buyers,sellers,new_by
2026-10-08,2330,台積電,22,22,22,2,0,1021115726.8205439,1021115726.8205439,27006806.15384606,400000.0,400000.0,"00406A,00981A",,
2026-10-08,2368,金像電,15,15,15,4,0,732071279.6638145,734659309.2352431,959096.1230769195,572000.0,574000.0,"00403A,00981A,00985A,00994A",,
2026-10-08,3443,創意,17,17,17,4,1,691347549.3292817,707751735.9959483,11698652.307692265,83000.0,85000.0,"00404A,00406A,00981A,00995A",00405A,
2026-10-08,3661,世芯-KY,5,5,5,1,0,598637250.0,603018964.2857143,0.0,135000.0,136000.0,00400A,,
2026-10-08,5274,信驊,18,18,18,3,1,381146468.1605464,381146468.1605464,13922363.076923026,22000.0,22000.0,"00403A,00405A,00406A",00400A,
2026-10-08,1303,南亞,16,16,16,2,0,328229495.6593178,335804831.8731748,7575336.213857037,1085815.3846153847,1110000.0,"00406A,00993A",,
2026-10-08,2345,智邦,17,17,16,2,1,258248212.30769232,262051080.0,3802867.692307679,127184.61538461539,129000.0,"00400A,00985A",00993A,00400A
2026-10-08,6274,台燿,17,17,17,1,0,175818857.14285713,177454697.14285713,13213353.846153798,100000.0,101000.0,00403A,,
2026-10-08,3231,緯創,9,9,8,1,0,160148001.15606937,160148001.15606937,0.0,826000.0,826000.0,00400A,,00400A
2026-10-08,2027,大成不銹鋼工業,2,2,2,1,0,137758598.09152868,138694814.49683627,1228073.3413751465,3038000.0,3057000.0,00985A,,
2026-10-08,3189,景碩,13,13,13,2,0,136250840.98737085,155794783.22875017,14900167.93103443,130000.0,148000.0,"00406A,00996A",,
2026-10-08,1216,統一企業,4,4,4,1,0,135316087.80719835,135316087.80719835,0.0,1907000.0,1907000.0,00985A,,
2026-10-08,1301,台灣塑膠工業,1,1,1,1,0,109630664.46062207,109630664.46062207,0.0,1433000.0,1433000.0,00985A,,
2026-10-08,2881,富邦金,7,7,7,1,0,108848799.99999999,108848799.99999999,0.0,758000.0,758000.0,00985A,,
2026-10-08,3105,穩懋半導體,6,6,6,1,0,100863036.51345557,104302868.73065014,3439832.2171945577,185123.07692307694,191000.0,00985A,,
2026-10-08,4904,遠傳電信,3,3,3,1,0,77360625.48785344,77360625.48785344,0.0,779000.0,779000.0,00985A,,
2026-10-08,3081,聯亞,13,13,13,2,0,74961227.8394649,78724161.21739131,3762933.3779264083,26738.461538461546,28000.0,"00985A,00993A",,
2026-10-08,3036,文曄,4,4,4,1,0,66864024.4648318,66864024.4648318,0.0,331000.0,331000.0,00985A,,
2026-10-08,7769,鴻勁,13,13,13,1,0,66779901.369863,66779901.369863,0.0,12000.0,12000.0,00985A,,
2026-10-08,6147,頎邦科技,3,3,3,1,0,65964239.43661972,65964239.43661972,0.0,300000.0,300000.0,00406A,,
2026-10-08,2303,聯電,18,18,18,1,1,51427995.43023838,57606380.10332971,6178384.673091327,375615.38461538474,417000.0,00985A,00993A,
2026-10-08,2603,長榮,5,5,5,1,0,43154351.26903553,43154351.26903553,0.0,198000.0,198000.0,00985A,,
2026-10-08,2408,南亞科,14,14,14,1,1,35654731.88260616,45690111.31468184,10035379.432075687,75323.076923077,94000.0,00985A,00993A,
2026-10-08,8070,長華*,1,1,1,1,0,30599415.584415585,30599415.584415585,0.0,600000.0,600000.0,00982A,,
2026-10-08,1476,儒鴻,1,1,0,1,0,21799400.000000004,21799400.000000004,0.0,70000.0,70000.0,00400A,,00400A
2026-10-08,8021,尖點,4,4,4,1,0,16150414.427039813,19118884.271512277,2968469.8444724567,29707.692307692312,35000.0,00996A,,
2026-10-08,6672,騰輝電子-KY,1,1,1,0,0,12885054.320987657,12885054.320987657,0.0,23000.0,23000.0,,,
2026-10-08,6683,雍智科技,1,1,1,1,0,12321760.824742267,12321760.824742267,0.0,9000.0,9000.0,00996A,,
2026-10-08,3533,Lotes Co Ltd,3,3,3,1,0,11030000.0,11030000.0,0.0,6000.0,6000.0,00996A,,
2026-10-08,2472,立隆電子工業,2,2,2,1,0,10858326.848249026,10858326.848249026,0.0,46000.0,46000.0,00996A,,
2026-10-08,6830,汎銓,1,1,1,1,0,10788157.190478424,10788157.190478424,0.0,21000.0,21000.0,00996A,,
2026-10-08,6278,台表科,4,4,4,1,0,10572350.466045272,10572350.466045272,0.0,44000.0,44000.0,00996A,,
2026-10-08,2327,國巨,12,12,12,1,0,10442115.324675325,10442115.324675325,0.0,17000.0,17000.0,00996A,,
2026-10-08,2883,凱基金,3,3,3,1,0,7214031.570786167,7214031.570786167,0.0,192000.0,192000.0,00984A,,
2026-10-08,6187,萬潤,13,13,13,1,0,5380959.237126526,10785623.140495867,5404663.90336934,3492.3076923077024,7000.0,00993A,,
2026-10-08,3406,玉晶光,2,2,2,0,0,5025297.400530521,8595903.448275862,3570606.047745345,4676.923076923093,8000.0,,,
2026-10-08,2890,永豐金融控股,5,5,5,0,0,4918873.607203151,4918873.607203151,0.0,112000.0,112000.0,,,
2026-10-08,2464,盟立,1,1,1,0,0,4471296.0,4471296.0,0.0,24000.0,24000.0,,,
2026-10-08,6505,台塑化,5,5,5,0,0,4174902.75570584,7677096.703296702,3502193.947590858,37523.076923076995,69000.0,,,
2026-10-08,8299,群聯,5,5,5,1,0,4147559.9999999995,4147559.9999999995,0.0,2000.0,2000.0,00404A,,
2026-10-08,4958,臻鼎-KY,12,12,12,0,0,2966785.7142857146,12548839.242266249,7278675.276062112,5000.0,21000.0,,,
2026-10-08,3042,晶技,2,2,2,0,0,2880894.386694395,4670837.837837838,1789943.4511434445,13569.23076923081,22000.0,,,
2026-10-08,3264,欣銓,11,11,11,0,0,2570083.163191957,4150444.8598130844,1580361.6966211305,9907.692307692341,16000.0,,,
2026-10-08,2404,漢唐,4,4,4,0,0,2437219.23076924,3927750.0,1490530.7692307641,1861.5384615384683,3000.0,,,
2026-10-08,8039,台虹科技,1,1,1,0,0,2427616.4383561644,2427616.4383561644,0.0,8000.0,8000.0,,,
2026-10-08,2467,志聖,4,4,4,0,0,2371253.1730769267,3895018.7500000005,1523765.5769230716,4261.538461538468,7000.0,,,
2026-10-08,6257,矽格股份有限公司,2,2,2,0,0,2202392.1924070893,5450810.335917314,3248418.143510225,7676.923076923122,19000.0,,,
2026-10-08,1560,中砂,9,9,9,0,0,2015165.2173913042,7131774.412793605,5321273.563218372,2000.0,7000.0,,,
2026-10-08,6691,洋基工程股份有限公司,4,4,4,0,0,1580072.7272727273,1580072.7272727273,0.0,2000.0,2000.0,,,
2026-10-08,6197,佳必琪,1,1,1,0,0,1530978.4615384615,1530978.4615384615,0.0,4000.0,4000.0,,,
2026-10-08,5351,鈺創,1,1,1,0,0,1376900.502512563,1376900.502512563,0.0,12000.0,12000.0,,,
2026-10-08,2351,順德工業,2,2,2,0,0,1287218.3606557376,1287218.3606557376,0.0,6000.0,6000.0,,,
2026-10-08,5434,崇越,6,6,6,0,0,1204971.4285714284,1204971.4285714284,0.0,2000.0,2000.0,,,
2026-10-08,6271,同欣電,3,3,3,0,0,1203557.8181818197,1980538.1818181819,776980.3636363607,4861.538461538468,8000.0,,,
2026-10-08,5347,世界先進積體電路,6,6,6,0,0,1141366.2075134218,2076531.3953488374,935165.1878354169,6046.153846153873,11000.0,,,
2026-10-08,2637,慧洋-KY,4,4,4,0,0,585127.3846153846,585127.3846153846,0.0,6000.0,6000.0,,,
2026-10-08,2313,華通,7,7,7,0,0,511200.0,760311.3513513514,1410353.4968814917,2000.0,3000.0,,,
2026-10-08,1215,卜蜂,1,1,1,0,0,0.0,0.0,0.0,0.0,0.0,,,
2026-10-08,2308,台達電,17,17,17,0,0,0.0,0.0,0.0,0.0,0.0,,,
2026-10-08,2317,鴻海,10,10,10,0,0,0.0,0.0,0.0,0.0,0.0,,,
2026-10-08,2360,致茂,17,17,17,0,0,0.0,2368034.782608696,1602977.3913043423,0.0,1000.0,,,
2026-10-08,2383,台光電,22,22,22,0,0,0.0,0.0,19787803.076923005,0.0,0.0,,,
2026-10-08,2885,元大金,9,9,9,0,0,0.0,0.0,0.0,0.0,0.0,,,
2026-10-08,3044,健鼎,5,5,5,0,0,0.0,2344925.3731343285,2344925.37313432,0.0,4000.0,,,
2026-10-08,3090,日電貿,3,3,3,0,0,0.0,0.0,0.0,0.0,0.0,,,
2026-10-08,3167,大量,2,2,2,0,0,0.0,0.0,0.0,0.0,0.0,,,
2026-10-08,3293,鈊象,5,5,5,0,0,0.0,0.0,0.0,0.0,0.0,,,
2026-10-08,3374,精材,2,2,2,0,0,0.0,0.0,0.0,0.0,0.0,,,
2026-10-08,3529,力旺,9,9,9,0,0,0.0,0.0,0.0,0.0,0.0,,,
2026-10-08,6121,新普,2,2,2,0,0,0.0,0.0,0.0,0.0,0.0,,,
2026-10-08,6669,緯穎,20,20,20,0,0,0.0,0.0,13600086.153846106,0.0,0.0,,,
2026-10-08,7750,新代,3,3,3,0,0,0.0,1982836.3636363638,0.0,0.0,1000.0,,,
2026-10-08,9939,宏全,1,1,1,0,0,0.0,0.0,0.0,0.0,0.0,,,
2026-10-08,1477,聚陽實業,1,1,1,0,0,0.0,0.0,0.0,0.0,0.0,,,
2026-10-08,2357,華碩電腦,7,7,7,0,0,0.0,0.0,0.0,0.0,0.0,,,
2026-10-08,2379,瑞昱半導體,5,5,5,0,0,0.0,0.0,0.0,0.0,0.0,,,
2026-10-08,2382,廣達電腦,8,8,8,0,0,0.0,0.0,0.0,0.0,0.0,,,
2026-10-08,2412,中華電信,4,4,4,0,0,0.0,0.0,0.0,0.0,0.0,,,
2026-10-08,2455,全新光電科技,7,7,7,0,0,0.0,0.0,2674898.4615384517,0.0,0.0,,,
2026-10-08,2882,國泰金融控股,6,6,6,0,0,0.0,0.0,0.0,0.0,0.0,,,
2026-10-08,2884,玉山金融控股,5,5,5,0,0,0.0,0.0,0.0,0.0,0.0,,,
2026-10-08,2886,兆豐金融控股,6,6,6,0,0,0.0,0.0,0.0,0.0,0.0,,,
2026-10-08,2887,台新新光金,5,5,5,0,0,0.0,0.0,0.0,0.0,0.0,,,
2026-10-08,2891,中國信託金融控股,3,3,3,0,0,0.0,0.0,0.0,0.0,0.0,,,
2026-10-08,2912,統一超商,1,1,1,0,0,0.0,0.0,0.0,0.0,0.0,,,
2026-10-08,3034,聯詠科技,4,4,4,0,0,0.0,0.0,0.0,0.0,0.0,,,
2026-10-08,3131,弘塑科技,6,6,6,0,0,0.0,0.0,0.0,0.0,0.0,,,
2026-10-08,4938,和碩聯合科技,1,1,1,0,0,0.0,0.0,0.0,0.0,0.0,,,
2026-10-08,4991,環宇通訊半導體控股,2,2,2,0,0,0.0,0.0,0.0,0.0,0.0,,,
2026-10-08,5871,中租-KY,2,2,2,0,0,0.0,0.0,0.0,0.0,0.0,,,
2026-10-08,5904,寶雅國際,5,5,5,0,0,0.0,0.0,0.0,0.0,0.0,,,
2026-10-08,6285,啟碁科技,4,4,4,0,0,0.0,0.0,0.0,0.0,0.0,,,
2026-10-08,6531,愛普,9,9,9,0,0,0.0,1022400.0,0.0,0.0,1000.0,,,
2026-10-08,7828,創新服務,1,1,1,0,0,0.0,0.0,0.0,0.0,0.0,,,
2026-10-08,7856,漢測,2,2,2,0,0,0.0,0.0,0.0,0.0,0.0,,,
2026-10-08,8464,億豐綜合工業,1,1,1,0,0,0.0,0.0,0.0,0.0,0.0,,,
2026-10-08,1717,長興,1,1,1,0,0,0.0,0.0,0.0,0.0,0.0,,,
2026-10-08,2301,光寶科,8,8,8,0,0,0.0,2415625.225225225,1988245.3776853706,0.0,8000.0,,,
2026-10-08,3211,順達,2,2,2,0,0,0.0,0.0,0.0,0.0,0.0,,,
2026-10-08,3450,聯鈞,5,5,5,0,0,0.0,0.0,0.0,0.0,0.0,,,
2026-10-08,3583,辛耘,2,2,2,0,0,0.0,0.0,0.0,0.0,0.0,,,
2026-10-08,6442,光聖,3,3,3,0,0,0.0,0.0,0.0,0.0,0.0,,,
2026-10-08,8996,高力,15,15,15,0,0,0.0,0.0,0.0,0.0,0.0,,,
2026-10-08,6196,帆宣,3,3,3,0,0,0.0,0.0,0.0,0.0,0.0,,,
2026-10-08,6239,力成,5,5,5,0,0,0.0,0.0,0.0,0.0,0.0,,,
2026-10-08,8358,金居,8,8,8,0,0,0.0,0.0,0.0,0.0,0.0,,,
2026-10-08,2347,聯強國際,1,1,1,0,0,0.0,0.0,0.0,0.0,0.0,,,
2026-10-08,2436,偉詮電子,1,1,1,0,0,0.0,0.0,0.0,0.0,0.0,,,
2026-10-08,2851,中央再保險股份有限公司,2,2,2,0,0,0.0,0.0,0.0,0.0,0.0,,,
2026-10-08,3260,威剛科技,3,3,3,0,0,0.0,0.0,0.0,0.0,0.0,,,
2026-10-08,3680,家登精密工業,1,1,1,0,0,0.0,0.0,0.0,0.0,0.0,,,
2026-10-08,5876,上海商銀,2,2,2,0,0,0.0,0.0,0.0,0.0,0.0,,,
2026-10-08,6206,飛捷科技股份有限公司,1,1,1,0,0,0.0,0.0,0.0,0.0,0.0,,,
2026-10-08,6491,晶碩光學,1,1,1,0,0,0.0,0.0,0.0,0.0,0.0,,,
2026-10-08,8016,矽創電子,1,1,1,0,0,0.0,0.0,0.0,0.0,0.0,,,
2026-10-08,8081,致新科技,1,1,1,0,0,0.0,0.0,0.0,0.0,0.0,,,
2026-10-08,3605,宏致,2,2,2,0,0,0.0,0.0,0.0,0.0,0.0,,,
2026-10-08,6446,藥華藥,5,5,5,0,0,0.0,0.0,0.0,0.0,0.0,,,
2026-10-08,6526,達發,3,3,3,0,0,0.0,0.0,0.0,0.0,0.0,,,
2026-10-08,8150,南茂,5,5,5,0,0,0.0,0.0,0.0,0.0,0.0,,,
2026-10-08,1590,亞德客-KY,3,3,3,0,0,0.0,0.0,0.0,0.0,0.0,,,
2026-10-08,1326,台灣化學纖維,3,3,3,0,0,0.0,0.0,0.0,0.0,0.0,,,
2026-10-08,2486,一詮精密工業,4,4,4,0,0,0.0,0.0,0.0,0.0,0.0,,,
2026-10-08,3363,上詮光纖通信,3,3,3,0,0,0.0,0.0,0.0,0.0,0.0,,,
2026-10-08,6139,亞翔工程,4,4,4,0,0,0.0,0.0,0.0,0.0,0.0,,,
2026-10-08,6213,聯茂電子,7,7,7,0,0,0.0,0.0,0.0,0.0,0.0,,,
2026-10-08,6715,嘉基科技,2,2,2,0,0,0.0,0.0,0.0,0.0,0.0,,,
2026-10-08,2451,創見,2,2,2,0,0,0.0,0.0,0.0,0.0,0.0,,,
2026-10-08,2615,萬海,2,2,2,0,0,0.0,0.0,0.0,0.0,0.0,,,
2026-10-08,5289,宜鼎,3,3,3,0,0,0.0,0.0,0.0,0.0,0.0,,,
2026-10-08,2376,技嘉,5,5,5,0,0,0.0,0.0,0.0,0.0,0.0,,,
2026-10-08,2542,興富發,1,1,1,0,0,0.0,0.0,0.0,0.0,0.0,,,
2026-10-08,3026,禾伸堂,6,6,6,0,0,0.0,0.0,0.0,0.0,0.0,,,
2026-10-08,9802,鈺齊-KY,1,1,1,0,0,0.0,0.0,0.0,0.0,0.0,,,
2026-10-08,1519,華城,2,2,2,0,0,0.0,0.0,0.0,0.0,0.0,,,
2026-10-08,4749,新應材,2,2,2,0,0,0.0,0.0,0.0,0.0,0.0,,,
2026-10-08,6831,邁科科技,2,2,2,0,0,0.0,0.0,0.0,0.0,0.0,,,
2026-10-08,7751,竑騰科技,2,2,2,0,0,0.0,0.0,0.0,0.0,0.0,,,
2026-10-08,8210,勤誠興業,4,4,4,0,0,0.0,0.0,0.0,0.0,0.0,,,
2026-10-08,2002,中鋼,1,1,1,0,0,0.0,0.0,0.0,0.0,0.0,,,
2026-10-08,3376,新日興,1,1,1,0,0,0.0,0.0,0.0,0.0,0.0,,,
2026-10-08,6191,精成科,1,1,1,0,0,0.0,0.0,0.0,0.0,0.0,,,
2026-10-08,2428,興勤,1,1,1,0,0,0.0,0.0,0.0,0.0,0.0,,,
2026-10-08,2476,鉅祥,1,1,1,0,0,0.0,0.0,0.0,0.0,0.0,,,
2026-10-08,2478,大毅,1,1,1,0,0,0.0,0.0,0.0,0.0,0.0,,,
2026-10-08,3265,台星科,1,1,1,0,0,0.0,0.0,0.0,0.0,0.0,,,
2026-10-08,3617,碩天,1,1,1,0,0,0.0,0.0,0.0,0.0,0.0,,,
2026-10-08,5425,台半,1,1,1,0,0,0.0,0.0,0.0,0.0,0.0,,,
2026-10-08,5483,中美晶,1,1,1,0,0,0.0,0.0,0.0,0.0,0.0,,,
2026-10-08,5536,聖暉*,1,1,1,0,0,0.0,0.0,0.0,0.0,0.0,,,
2026-10-08,6177,達麗,1,1,1,0,0,0.0,0.0,0.0,0.0,0.0,,,
2026-10-08,6214,精誠,2,2,2,0,0,0.0,0.0,0.0,0.0,0.0,,,
2026-10-08,6472,保瑞,1,1,1,0,0,0.0,0.0,0.0,0.0,0.0,,,
2026-10-08,6640,均華,1,1,1,0,0,0.0,0.0,0.0,0.0,0.0,,,
2026-10-08,1409,新纖,1,1,1,0,0,0.0,0.0,0.0,0.0,0.0,,,
2026-10-08,1709,和益,1,1,1,0,0,0.0,0.0,0.0,0.0,0.0,,,
2026-10-08,2006,東和鋼鐵,1,1,1,0,0,0.0,0.0,0.0,0.0,0.0,,,
2026-10-08,2409,友達,1,1,1,0,0,0.0,0.0,0.0,0.0,0.0,,,
2026-10-08,2618,長榮航,2,2,2,0,0,0.0,0.0,0.0,0.0,0.0,,,
2026-10-08,2634,漢翔公司,1,1,1,0,0,0.0,0.0,0.0,0.0,0.0,,,
2026-10-08,2801,彰銀,1,1,1,0,0,0.0,0.0,0.0,0.0,0.0,,,
2026-10-08,2855,統一證券,1,1,1,0,0,0.0,0.0,0.0,0.0,0.0,,,
2026-10-08,2880,華南金控,3,3,3,0,0,0.0,0.0,0.0,0.0,0.0,,,
2026-10-08,2892,第一金,2,2,2,0,0,0.0,0.0,0.0,0.0,0.0,,,
2026-10-08,3006,晶豪,1,1,1,0,0,0.0,0.0,0.0,0.0,0.0,,,
2026-10-08,3045,台灣大,1,1,1,0,0,0.0,0.0,0.0,0.0,0.0,,,
2026-10-08,3714,富采,1,1,1,0,0,0.0,0.0,0.0,0.0,0.0,,,
2026-10-08,6670,復盛應用,1,1,1,0,0,0.0,0.0,0.0,0.0,0.0,,,
2026-10-08,9933,中鼎,1,1,1,0,0,0.0,-54.91459877537867,0.0,0.0,-1.0,,,
2026-10-08,1101,臺灣水泥,1,1,1,0,0,0.0,0.0,0.0,0.0,0.0,,,
2026-10-08,1504,東元電機,1,1,1,0,0,0.0,0.0,0.0,0.0,0.0,,,
2026-10-08,1605,華新麗華,1,1,1,0,0,0.0,0.0,0.0,0.0,0.0,,,
2026-10-08,2610,中華航空,1,1,1,0,0,0.0,0.0,0.0,0.0,0.0,,,
2026-10-08,3455,由田,1,1,1,0,0,0.0,0.0,0.0,0.0,0.0,,,
2026-10-08,1815,富喬,1,1,1,0,0,0.0,0.0,0.0,0.0,0.0,,,
2026-10-08,6584,南俊國際,1,1,1,0,0,0.0,0.0,0.0,0.0,0.0,,,
2026-10-08,2606,裕民,1,1,1,0,0,0.0,0.0,1224652.3076923033,0.0,0.0,,,
2026-10-08,3023,信邦電子,1,1,1,0,0,0.0,0.0,0.0,0.0,0.0,,,
2026-10-08,6438,迅得機械,1,1,1,0,0,0.0,0.0,0.0,0.0,0.0,,,
2026-10-08,1802,台玻,1,1,1,0,0,0.0,0.0,0.0,0.0,0.0,,,
2026-10-08,3693,營邦,1,1,1,0,0,0.0,0.0,0.0,0.0,0.0,,,
2026-10-08,5269,祥碩科技,1,1,1,0,0,0.0,0.0,0.0,0.0,0.0,,,
2026-10-08,6415,矽力-KY,1,1,1,0,0,0.0,0.0,0.0,0.0,0.0,,,
2026-10-08,6770,力積電,1,1,1,0,0,0.0,0.0,0.0,0.0,0.0,,,
2026-10-08,2441,超豐電子,1,1,1,0,0,0.0,0.0,0.0,0.0,0.0,,,
2026-10-08,3227,原相科技,1,1,1,0,0,0.0,0.0,0.0,0.0,0.0,,,
2026-10-08,3702,大聯大控股,1,1,1,0,0,0.0,0.0,0.0,0.0,0.0,,,
2026-10-08,3706,神達控股,1,1,1,0,0,0.0,0.0,0.0,0.0,0.0,,,
2026-10-08,4551,智伸科技,1,1,1,0,0,0.0,0.0,0.0,0.0,0.0,,,
2026-10-08,4746,台耀化學,1,1,1,0,0,0.0,0.0,0.0,0.0,0.0,,,
2026-10-08,5439,高技企業,1,1,1,0,0,0.0,0.0,0.0,0.0,0.0,,,
2026-10-08,5534,長虹建設,1,1,1,0,0,0.0,0.0,0.0,0.0,0.0,,,
2026-10-08,6138,茂達電子,1,1,1,0,0,0.0,0.0,0.0,0.0,0.0,,,
2026-10-08,9941,裕融企業,1,1,1,0,0,0.0,0.0,0.0,0.0,0.0,,,
2026-10-08,9958,世紀鋼鐵結構,1,1,1,0,0,0.0,0.0,0.0,0.0,0.0,,,
2026-10-08,2395,研華,8,8,8,0,1,-27252612.021857917,-22091879.01214918,4514223.599701254,-40000.0,-33000.0,,00985A,
2026-10-08,6510,精測,7,7,7,2,1,-27498913.913043477,-27498913.913043477,0.0,-13000.0,-13000.0,"00987A,00995A",00405A,
2026-10-08,3324,雙鴻科技,1,1,1,0,1,-28073800.0,-28073800.0,0.0,-17000.0,-17000.0,,00985A,
2026-10-08,6223,旺矽,21,21,21,0,1,-30611431.133603174,-11286797.368421052,13701433.765182136,-5430.76923076922,-2000.0,,00993A,
2026-10-08,2344,華邦電,10,10,10,0,1,-42759706.995884776,-42759706.995884776,4930836.923076906,-242000.0,-242000.0,,00985A,
2026-10-08,6805,富世達,12,12,12,1,1,-45189068.23529412,-41714164.70588236,3474903.5294117527,-19446.153846153844,-18000.0,00993A,00406A,
2026-10-08,3017,奇鋐,21,21,21,1,1,-47973940.16721191,-47973940.16721191,18820972.307692237,-15000.0,-15000.0,00984A,00985A,
2026-10-08,6515,穎崴,9,9,9,0,1,-50653620.0,-50653620.0,0.0,-9000.0,-9000.0,,00995A,
2026-10-08,2481,強茂,6,4,6,0,2,-58344265.51030668,-57607030.71895425,737234.7913524357,-327307.69230769225,-323000.0,,"00408A,00994A",
2026-10-08,8046,南電,17,17,17,0,1,-59314402.35294118,-57823441.498848654,12845201.204489416,-43000.0,-42000.0,,00985A,
2026-10-08,3491,昇達科技,11,11,11,0,1,-64190856.49148891,-61145859.36990084,3044997.1215880783,-40784.615384615376,-39000.0,,00985A,
2026-10-08,2454,聯發科,22,22,22,2,1,-68377610.26897389,-68377610.26897389,4963064.615384599,-13000.0,-13000.0,"00404A,00406A",00991A,
2026-10-08,2377,微星,2,2,2,0,1,-79112078.27788648,-79112078.27788648,0.0,-510000.0,-510000.0,,00985A,
2026-10-08,3008,大立光,18,18,18,0,1,-87340711.11111109,-80695111.11111109,5188658.461538443,-14000.0,-13000.0,,00985A,
2026-10-08,3665,貿聯-KY,19,19,19,0,1,-161064238.59649125,-158702142.0447671,1031286.1538461501,-67000.0,-66000.0,,00400A,
2026-10-08,3653,健策,20,20,20,1,2,-265534014.05844152,-255333381.3311688,2894632.7272727173,-35400.0,-34000.0,00985A,"00400A,00993A",
2026-10-08,2059,川湖,19,19,19,0,3,-595375517.8802383,-578482306.4532684,6290259.580419556,-55084.61538461538,-53501.0,,"00400A,00993A,00994A",
2026-10-08,3037,欣興,21,21,21,2,5,-685663964.8777779,-685663964.8777779,20464584.61538454,-537000.0,-537000.0,"00406A,00996A","00408A,00981A,00985A,00987A,00994A",
2026-10-08,3711,日月光投控,20,20,20,0,2,-864503701.7954693,-858489598.5696629,5551479.900744397,-1174000.0,-1166000.0,,"00981A,00985A",
2026-10-08,6488,環球晶,9,9,9,0,1,-912189600.0,-912189600.0,0.0,-800000.0,-800000.0,,00403A,
2026-10-08,2449,京元電子,10,10,10,0,3,-1395506380.2775333,-1395506380.2775333,0.0,-4584000.0,-4584000.0,,"00408A,00981A,00994A",
2026-10-08,2049,上銀,1,1,1,0,0,,,,0.0,0.0,,,
2026-10-08,2337,旺宏,1,0,1,0,0,,,,-1000.0,-1000.0,,,
2026-10-08,4576,大銀微系統,1,1,1,0,0,,,,0.0,0.0,,,
2026-10-08,8028,昇陽半導體,1,1,1,0,0,,,,0.0,0.0,,,
2026-10-08,2439,美律,1,1,1,0,0,,,,0.0,0.0,,,
2026-10-08,4966,譜瑞-KY,1,1,1,0,0,,,,0.0,0.0,,,
2026-10-08,4979,華星光,1,1,1,0,0,,,,0.0,0.0,,,
2026-10-08,4441,振大環球,1,1,1,0,0,,,,0.0,0.0,,,
