date,策略(扣成本),主動ETF持股池等權,加權指數
2025-05-28,-0.001341,0.002298,0.000993
2025-05-29,-0.001501,0.007888,-0.000488
2025-06-02,-0.004705,-0.017886,-0.016142
2025-06-03,0.001801,0.011891,0.005914
2025-06-04,0.000591,0.012599,0.023248
2025-06-05,-1.4e-05,0.003761,0.002606
2025-06-06,-0.001938,-0.004252,-0.000635
2025-06-09,-0.000111,0.00599,0.005985
2025-06-10,0.012969,0.017342,0.020736
2025-06-11,0.006937,0.013339,0.010249
2025-06-12,-0.003055,0.001307,-0.008112
2025-06-13,-0.001053,-0.007655,-0.009641
2025-06-16,0.0009,0.004212,-0.001044
2025-06-17,0.000358,0.001914,0.007333
2025-06-18,0.000833,0.003046,0.006534
2025-06-19,-0.00975,-0.008563,-0.0158
2025-06-20,-0.00659,-0.009766,0.00192
2025-06-23,0.011141,0.001643,-0.01423
2025-06-24,0.019297,0.023552,0.021017
2025-06-25,0.012232,0.01032,0.0109
2025-06-26,-0.005398,0.000923,0.002752
2025-06-27,0.000686,0.002906,0.003901
2025-06-30,0.003511,-0.004378,-0.014352
2025-07-01,0.004413,0.005981,0.013376
2025-07-02,0.006634,0.005262,0.001065
2025-07-03,0.012477,0.006827,0.00599
2025-07-04,-0.006074,-0.010189,-0.007285
2025-07-07,-0.010633,-0.01007,-0.005268
2025-07-08,0.002506,0.000858,-0.002963
2025-07-09,0.020684,0.013695,0.007367
2025-07-10,0.00628,0.002083,0.00738
2025-07-11,-0.004934,0.002997,0.002546
2025-07-14,-0.013664,-0.01013,-0.00598
2025-07-15,0.017592,0.013833,0.009771
2025-07-16,0.007873,0.003734,0.009063
2025-07-17,0.011347,0.009032,0.003054
2025-07-18,0.016741,0.005154,0.011675
2025-07-21,-0.00317,-0.002073,-0.001821
2025-07-22,-0.017278,-0.018631,-0.015108
2025-07-23,0.010746,0.012048,0.014388
2025-07-24,0.012165,0.005596,0.002361
2025-07-25,-0.004558,-0.001385,-0.0004
2025-07-28,0.007491,0.005572,0.00208
2025-07-29,-0.008743,-0.007609,-0.009032
2025-07-30,0.004304,0.003306,0.011215
2025-07-31,0.023278,0.003642,0.003444
2025-08-01,-0.000225,0.0,-0.004593
2025-08-04,-0.000861,0.000319,-0.002366
2025-08-05,0.023671,0.012266,0.012047
2025-08-06,-0.001967,-0.000786,-0.009012
2025-08-07,0.027272,0.009863,0.02373
2025-08-08,0.015915,0.005218,0.000729
2025-08-11,0.011595,0.002645,0.004756
2025-08-12,0.000601,0.002624,0.000947
2025-08-13,0.011226,0.001299,0.008761
2025-08-14,0.001185,0.008426,-0.005413
2025-08-15,0.007829,0.002986,0.003976
2025-08-18,0.021637,0.008997,0.006084
2025-08-19,-0.027914,-0.009019,-0.00527
2025-08-20,-0.044746,-0.021276,-0.029896
2025-08-21,0.027445,0.016745,0.014251
2025-08-22,-0.010158,-0.005305,-0.008249
2025-08-25,0.027345,0.015534,0.021583
2025-08-26,0.009989,0.003234,0.001142
2025-08-27,0.014224,0.01159,0.008838
2025-08-28,-0.007237,0.000871,-0.01156
2025-08-29,0.013996,0.006819,-0.000138
2025-09-01,-0.035822,-0.016027,-0.006659
2025-09-02,-0.00969,-0.001934,-0.002283
2025-09-03,0.003962,0.009383,0.003478
2025-09-04,-0.003706,0.001468,0.003301
2025-09-05,0.031389,0.011144,0.013016
2025-09-08,0.001184,0.004934,0.002156
2025-09-09,0.00877,0.002597,0.012539
2025-09-10,0.02339,0.00595,0.013575
2025-09-11,-0.002335,-0.010338,0.000918
2025-09-12,-0.007457,0.002774,0.010269
2025-09-15,-0.018521,-0.010542,-0.004612
2025-09-16,0.010569,0.006709,0.010746
2025-09-17,-0.011092,-0.006239,-0.007468
2025-09-18,0.017648,0.010985,0.013016
2025-09-19,-0.007001,0.001547,-0.007412
2025-09-22,0.007901,0.007441,0.011816
2025-09-23,0.000242,-0.000539,0.014172
2025-09-24,-0.011091,-0.002225,-0.001929
2025-09-25,-0.005864,-0.004583,-0.006599
2025-09-26,-0.028025,-0.02061,-0.017043
2025-09-30,0.029633,0.01814,0.009391
2025-10-01,0.007504,0.000253,0.006288
2025-10-02,0.010746,0.001918,0.015221
2025-10-03,0.015168,0.004672,0.014507
2025-10-07,0.01073,0.007004,0.016849
2025-10-08,-0.000798,0.001677,-0.005449
2025-10-09,0.007089,0.002287,0.008803
2025-10-13,-0.015788,-0.012922,-0.013863
2025-10-14,-0.024527,-0.017938,-0.004839
2025-10-15,0.028555,0.017061,0.018011
2025-10-16,0.015733,0.010493,0.013644
2025-10-17,-0.015219,-0.008206,-0.012496
2025-10-20,0.004853,0.004757,0.014148
2025-10-21,0.010672,0.00504,0.002303
2025-10-22,-0.00196,0.001406,-0.003729
2025-10-23,-0.002788,-0.003994,-0.004219
2025-10-27,0.018372,0.011039,0.016757
2025-10-28,0.01477,0.001519,-0.00159
2025-10-29,0.015057,0.006353,0.012366
2025-10-30,0.008772,-0.004462,-0.000255
2025-10-31,-0.002035,0.005361,-0.001915
2025-11-03,0.005385,0.008674,0.003586
2025-11-04,-0.02205,-0.015464,-0.007695
2025-11-05,-0.004243,0.000123,-0.014209
2025-11-06,0.023771,0.012173,0.00658
2025-11-07,-0.020984,-0.013042,-0.00889
2025-11-10,0.014545,0.000477,0.007887
2025-11-11,0.005345,-0.003887,-0.003034
2025-11-12,-0.002766,0.007033,0.005836
2025-11-13,0.013447,0.006139,-0.001558
2025-11-14,-0.02957,-0.014798,-0.018136
2025-11-17,0.007303,-0.003575,0.001818
2025-11-18,-0.040055,-0.025202,-0.025182
2025-11-19,-0.006589,-0.006005,-0.006578
2025-11-20,0.037442,0.02482,0.031837
2025-11-21,-0.050248,-0.026623,-0.036148
2025-11-24,0.000921,0.01292,0.002622
2025-11-25,0.024285,0.011425,0.015391
2025-11-26,0.013956,0.014144,0.018481
2025-11-27,0.019591,0.010617,0.00529
2025-11-28,0.012924,0.004686,0.002611
2025-12-01,-0.022624,-0.008636,-0.010278
2025-12-02,-0.004293,-0.0009,0.00811
2025-12-03,0.008022,0.004476,0.008299
2025-12-04,-0.009685,-0.00297,9.6e-05
2025-12-05,0.01633,0.003822,0.006662
2025-12-08,0.009035,0.003823,0.01154
2025-12-09,0.002279,0.002084,-0.004281
2025-12-10,0.014575,0.00103,0.00774
2025-12-11,-0.00366,-0.000924,-0.013238
2025-12-12,0.008491,0.005507,0.006183
2025-12-15,-0.00804,-0.005207,-0.011741
2025-12-16,-0.024219,-0.016124,-0.011852
2025-12-17,0.001354,0.003039,-0.000417
2025-12-18,-0.004309,-0.004848,-0.002058
2025-12-19,0.015363,0.014253,0.008294
2025-12-22,0.013134,0.011902,0.016366
2025-12-23,0.00674,-0.001455,0.005713
2025-12-24,0.011225,0.003574,0.002173
2025-12-26,0.012283,0.004823,0.006487
2025-12-29,0.004671,0.00344,0.008925
2025-12-30,0.003815,0.003641,-0.003601
2025-12-31,0.008667,0.004369,0.008934
2026-01-02,0.003636,0.006228,0.013334
2026-01-05,0.007112,-0.001368,0.025732
2026-01-06,0.029951,0.013753,0.015654
2026-01-07,-0.001187,0.008771,-0.004606
2026-01-08,-0.00568,-0.005505,-0.002462
2026-01-09,0.000317,0.002629,-0.002358
2026-01-12,0.023685,0.012911,0.009189
2026-01-13,0.007776,0.000404,0.004578
2026-01-14,0.00951,0.013779,0.007639
2026-01-15,0.001648,0.001515,-0.00424
2026-01-16,0.016726,0.00756,0.019413
2026-01-19,0.010852,0.004957,0.007342
2026-01-20,0.005645,0.004638,0.003815
2026-01-21,-0.027306,-0.017554,-0.016172
2026-01-22,0.028708,0.015833,0.015993
2026-01-23,0.015219,0.004968,0.006786
2026-01-26,0.009756,0.008819,0.003223
2026-01-27,0.018907,0.004849,0.007903
2026-01-28,0.014354,0.009624,0.015035
2026-01-29,-0.011275,-0.008255,-0.008156
2026-01-30,-0.006633,-0.013234,-0.014523
2026-02-02,-0.034086,-0.016649,-0.013714
2026-02-03,0.02604,0.016533,0.018066
2026-02-04,0.01592,0.014287,0.002934
2026-02-05,-0.037104,-0.017069,-0.01513
2026-02-06,-0.023697,-0.012309,-0.000577
2026-02-09,0.031747,0.017071,0.019561
2026-02-10,0.00965,0.005711,0.020625
2026-02-11,0.019276,0.007081,0.016108
2026-02-23,0.023878,0.01823,0.004986
2026-02-24,0.044671,0.023352,0.027464
2026-02-25,0.013693,0.011669,0.020525
2026-02-26,0.005384,0.010869,4e-05
2026-03-02,-0.014518,-0.004349,-0.009019
2026-03-03,-0.042634,-0.022246,-0.021981
2026-03-04,-0.06672,-0.048776,-0.043549
2026-03-05,0.05741,0.03298,0.025711
2026-03-06,-0.013642,0.004049,-0.00218
2026-03-09,-0.071091,-0.048244,-0.04432
2026-03-10,0.053267,0.02386,0.020599
2026-03-11,0.064016,0.040171,0.04096
2026-03-12,0.002785,-0.000313,-0.015604
2026-03-13,0.006893,0.005349,-0.005406
2026-03-16,0.014959,0.009245,-0.001731
2026-03-17,0.02314,0.014863,0.014818
2026-03-18,0.031005,0.018763,0.015132
2026-03-19,0.000135,-0.005078,-0.019183
2026-03-20,-0.013113,-0.003615,-0.004328
2026-03-23,-0.040623,-0.034254,-0.024487
2026-03-24,-0.029724,-0.006609,-0.00337
2026-03-25,0.048578,0.031453,0.025355
2026-03-26,-0.000995,-0.006915,-0.003035
2026-03-27,-0.004069,0.004938,-0.00675
2026-03-30,-0.008738,-0.016016,-0.017952
2026-03-31,-0.06027,-0.038446,-0.024453
2026-04-01,0.069429,0.038909,0.045766
2026-04-02,-0.022891,-0.013951,-0.018158
2026-04-07,0.032188,0.020278,0.020182
2026-04-08,0.063735,0.042612,0.04609
2026-04-09,0.014324,0.007756,0.00287
2026-04-10,0.016129,0.014159,0.015968
2026-04-13,0.00013,0.008446,0.001114
2026-04-14,0.010773,0.011026,0.023658
2026-04-15,0.023806,0.007724,0.011737
2026-04-16,0.036648,0.014423,0.011162
2026-04-17,0.007429,0.013427,-0.008825
2026-04-20,0.03597,0.015302,0.004197
2026-04-21,0.027661,0.013864,0.017487
2026-04-22,0.013643,0.011089,0.007269
2026-04-23,-0.023275,-0.0266,-0.004338
2026-04-24,0.029251,0.002751,0.032302
2026-04-27,-0.004897,-0.006783,0.017575
2026-04-28,0.013438,0.012438,-0.002395
2026-04-29,0.00511,4.9e-05,-0.005522
2026-04-30,0.01416,0.003869,-0.009589
2026-05-04,0.043859,0.025904,0.045689
2026-05-05,0.002139,0.01236,0.001576
2026-05-06,0.004987,0.004613,0.009065
2026-05-07,0.010624,0.010546,0.019323
2026-05-08,-0.018699,-0.008613,-0.007866
2026-05-11,0.043802,0.024563,0.004474
2026-05-12,0.00655,0.003565,0.002591
2026-05-13,-0.026351,-0.009995,-0.012502
2026-05-14,0.001315,0.001165,0.009118
2026-05-15,-0.039375,-0.021913,-0.013877
2026-05-18,-0.003553,0.000602,-0.006814
2026-05-19,-0.032076,-0.01584,-0.017516
2026-05-20,-0.005189,-0.001861,-0.003852
2026-05-21,0.055275,0.033138,0.033667
2026-05-22,0.042809,0.024785,0.02175
2026-05-25,0.04384,0.024082,0.032564
2026-05-26,0.003135,0.007189,-0.002727
2026-05-27,0.016863,-0.002667,0.016805
2026-05-28,-0.028228,-0.015607,-0.014017
2026-05-29,0.024589,0.022538,0.025128
2026-06-01,0.009753,0.017485,0.013524
2026-06-02,-0.015732,-0.003559,0.004839
2026-06-03,0.020378,0.019399,0.019796
2026-06-04,-0.028322,-0.012408,-0.016826
2026-06-05,-0.017907,-0.009268,-0.013278
2026-06-08,-0.029712,-0.036547,-0.034793
2026-06-09,0.043541,0.032303,0.027623
2026-06-10,-0.053777,-0.035768,-0.033082
2026-06-11,-0.000502,-0.000373,-0.00176
2026-06-12,0.03258,0.020943,0.023629
2026-06-15,0.036087,0.018372,0.027801
2026-06-16,0.00674,-0.001145,0.00908
2026-06-17,0.006619,0.011989,0.001489
2026-06-18,0.017706,0.02359,0.012813
2026-06-22,0.016232,0.014484,0.027468
2026-06-23,-0.025816,-0.022087,-0.013424
2026-06-24,-0.006962,0.00025,-0.022442
2026-06-25,0.003415,0.001814,0.004597
2026-06-26,-0.063044,-0.043399,-0.036396
2026-06-29,-0.008533,0.003988,0.009606
2026-06-30,0.04761,0.027923,0.025023
2026-07-01,0.019686,0.00515,0.019362
2026-07-02,0.000665,0.011346,-0.005845
2026-07-03,0.007523,0.011789,0.00078
2026-07-06,-0.034382,-0.006471,-0.004793
2026-07-07,-0.062318,-0.037362,-0.023139
2026-07-08,0.006958,0.002255,0.005614
2026-07-09,0.014453,0.002289,-0.008304
2026-07-13,-0.017314,-0.013142,0.000571
2026-07-14,-0.035123,-0.023849,-0.01416
2026-07-15,0.030677,0.024783,0.019975
2026-07-16,-0.029975,-0.011528,-0.000145
2026-07-17,-0.088354,-0.057182,-0.064739
2026-07-20,-0.038664,-0.022976,-0.005192
2026-07-21,0.061481,0.036789,0.042007
2026-07-22,0.044661,0.024736,0.013404
2026-07-23,-0.003888,-0.002104,0.000558
2026-07-24,-0.058183,-0.025402,-0.026665
2026-07-27,-0.001984,-0.000174,-0.000473
2026-07-28,-0.081903,-0.055583,-0.046542
2026-07-29,-0.073904,-0.044151,-0.037597
2026-07-30,-0.01264,-0.023593,-0.002644
2026-07-31,0.089625,0.056194,0.079794
2026-08-03,0.056261,0.035687,0.006184
2026-08-04,0.040564,0.028863,-0.000594
2026-08-05,0.025418,0.022961,0.02885
2026-08-06,0.015859,0.012594,-0.004817
2026-08-07,-0.022538,-0.013092,-0.003847
2026-08-10,0.02505,0.02095,0.015892
2026-08-11,0.005916,-0.000169,0.004272
2026-08-12,0.022626,0.015824,0.008806
2026-08-13,0.017059,0.00658,0.01106
2026-08-14,0.012474,-0.00703,-0.004573
2026-08-17,0.013153,0.002366,0.00101
2026-08-18,-0.014066,-0.015312,-0.011963
2026-08-19,-0.018281,-0.004919,-0.013007
2026-08-20,0.008216,0.007144,0.004794
2026-08-21,-0.014429,-0.005312,0.006466
2026-08-24,-0.021043,-0.007555,-0.010215
2026-08-25,0.025276,0.010313,0.009096
2026-08-26,0.041055,0.019487,0.014682
2026-08-27,0.013027,0.012462,0.003111
2026-08-28,0.012603,0.005977,0.007748
2026-08-31,0.001031,-0.003362,-0.004381
2026-09-01,0.014625,0.018128,0.017782
2026-09-02,-0.0085,-0.007618,-0.016699
2026-09-03,-0.043263,-0.022258,-0.006651
2026-09-04,0.02736,0.018909,0.015122
2026-09-07,-0.005345,0.004997,0.016651
2026-09-08,-0.02112,-0.010183,-0.004659
2026-09-09,0.011963,0.005841,0.001647
2026-09-10,0.000828,-0.007852,-0.005147
2026-09-11,-0.019747,-0.015554,-0.016098
2026-09-14,-0.006936,-0.002333,-0.006979
2026-09-15,-0.026068,-0.013946,-0.007654
2026-09-16,0.01814,0.016743,0.007414
2026-09-17,-0.002391,0.002869,0.009577
2026-09-18,0.047982,0.025486,0.019287
2026-09-21,0.008997,-0.000343,0.011405
2026-09-22,0.015759,0.001371,0.001704
2026-09-23,0.004074,-0.00061,0.007471
2026-09-24,0.004424,0.002652,-0.002755
2026-09-29,-0.018284,-0.004797,-0.008176
2026-09-30,0.005786,0.008529,0.00647
2026-10-01,0.007036,0.004402,0.008622
2026-10-02,0.020362,0.01277,0.002528
2026-10-05,0.033112,0.012378,0.025503
2026-10-06,-0.005755,0.000254,0.002223
2026-10-07,-0.004046,0.005466,-0.000325
2026-10-08,-0.001534,-0.0018,-0.009897
