ETF,名稱,起始,交易日,報酬%,同期加權%,beta,年化alpha%,t_alpha
00980A,主動野村臺灣優選,2025-04-30,353,191.507,146.169,1.087,7.347,0.702
00982A,主動群益台灣強棒,2025-05-22,338,173.966,128.429,1.195,3.498,0.252
00981A,主動統一台股增長,2025-05-26,336,244.864,130.029,1.266,15.867,1.08
00983A,主動中信ARK創新,2025-06-18,320,33.367,124.236,0.727,-20.88,-1.01
00984A,主動安聯台灣高息,2025-07-15,301,77.33,120.236,0.765,-2.545,-0.256
00985A,主動野村台灣50,2025-07-16,300,145.0,118.105,0.994,10.411,1.134
00986A,主動台新龍頭成長,2025-08-26,271,52.243,105.155,0.758,-10.833,-0.762
00989A,主動摩根美國科技,2025-10-22,233,20.513,79.467,0.76,-26.143,-1.369
00988A,主動統一全球創新,2025-10-30,228,72.282,76.027,1.542,-28.67,-1.02
00990A,主動元大AI新經濟,2025-12-10,197,62.225,72.451,1.446,-31.974,-1.084
00991A,主動復華未來50,2025-12-17,194,107.947,80.873,1.391,-7.543,-0.337
00987A,主動台新優勢成長,2025-12-24,189,80.6,75.929,1.32,-15.935,-0.628
00992A,主動群益科技創新,2025-12-24,189,106.342,75.929,1.293,3.254,0.128
00994A,主動第一金台股優,2026-01-07,181,87.32,62.892,1.308,1.911,0.09
00995A,主動中信台灣卓越,2026-01-21,171,86.787,56.821,1.327,7.591,0.347
00993A,主動安聯台灣,2026-01-30,164,47.379,53.08,1.2,-15.744,-0.711
00996A,主動兆豐台灣豐收,2026-03-24,135,55.388,52.208,1.31,-15.397,-0.483
00997A,主動群益美國增長,2026-04-09,125,24.131,43.281,1.166,-36.724,-1.184
00998A,主動復華金融股息,2026-04-10,125,8.399,41.457,0.209,2.019,0.094
00400A,主動國泰動能高息,2026-04-09,125,56.982,43.281,1.23,4.227,0.18
00401A,主動摩根台灣鑫收,2026-04-10,124,41.324,42.871,0.977,0.081,0.005
00999A,主動野村臺灣高息,2026-04-29,111,19.397,26.023,0.87,-5.076,-0.28
00403A,主動統一升級50,2026-05-07,106,12.81,21.069,1.198,-22.606,-0.858
00405A,主動富邦台灣龍耀,2026-06-02,88,-0.821,9.856,1.319,-31.823,-0.765
00404A,主動聯博動能50,2026-06-05,85,5.098,9.039,1.02,-10.748,-0.809
00402A,主動安聯美國科技,2026-06-09,83,7.35,14.49,0.732,-8.131,-0.32
00406A,主動中信台灣收益,2026-06-10,82,6.439,11.413,1.207,-18.188,-0.737
00407A,主動凱基台灣,2026-06-24,73,6.963,5.745,1.247,2.041,0.065
