,共振買≥2家,共振賣≥2家,單家主動買,單家主動賣,新建倉
-10,-5.0101,2.5394,-3.3004,0.1543,-5.1179
-9,-4.6253,2.3971,-3.0311,0.3083,-5.0191
-8,-4.3698,2.3751,-2.8269,0.3563,-4.8075
-7,-4.1696,2.3982,-2.6296,0.4014,-4.4286
-6,-3.7591,2.3625,-2.3879,0.5001,-4.1145
-5,-3.4579,2.3306,-2.1306,0.4807,-3.7466
-4,-3.0047,2.375,-1.8285,0.6089,-3.4049
-3,-2.3381,1.9121,-1.3921,0.5432,-2.7071
-2,-1.3785,1.2241,-0.8361,0.4451,-1.7661
-1,0.0,0.0,0.0,0.0,0.0
0,1.8621,-1.8163,1.2331,-0.8712,1.999
1,2.12,-1.6724,1.4985,-0.9385,2.4576
2,2.3898,-1.6148,1.5861,-0.8331,2.5648
3,2.3225,-1.4507,1.605,-0.6967,2.7087
4,2.4452,-1.4041,1.6701,-0.6119,2.7815
5,2.3906,-1.0865,1.7557,-0.4067,2.8721
6,2.6662,-1.0737,1.87,-0.4289,2.9379
7,2.8761,-0.7314,1.9843,-0.3264,3.3312
8,3.032,-0.6489,2.0733,-0.1832,3.3669
9,3.1542,-0.5958,2.2898,-0.1681,3.542
10,3.3065,-0.3103,2.3946,0.0193,3.7356
11,3.4022,-0.1246,2.4913,0.0868,3.9368
12,3.5493,0.0141,2.6303,0.2035,3.9309
13,3.6153,0.4376,2.8068,0.3418,3.9434
14,3.6842,0.3883,2.9773,0.3922,4.0734
15,3.7781,0.431,3.0669,0.5271,3.988
16,4.087,0.5572,3.1658,0.6673,4.347
17,4.2986,0.7391,3.222,0.8571,4.4279
18,4.5488,1.0009,3.3365,0.9524,4.3412
19,4.742,1.332,3.5264,1.1213,4.1815
20,5.0183,1.6868,3.7267,1.2454,4.2016
