signal,lag,H,days,names_per_day,beta,mom20%,raw%,ex_mkt%,ex_uni%,t_uni,ex_beta%,t_beta,ex_match%,t_match,hit_match%,match_1st_half%,match_2nd_half%
共振買≥2家,1,1,260,7.2962,1.3163,18.4109,-0.3357,-0.4503,-0.1063,-1.087,-0.1655,-1.6123,-0.0383,-0.3779,50.9728,0.0133,-0.0888
共振賣≥2家,1,1,182,4.6758,1.2676,4.1014,-0.2468,-0.4206,-0.0352,-0.2398,-0.0827,-0.5408,0.0035,0.0226,53.0387,-0.1303,0.1389
單家主動買,1,1,314,29.4809,1.1472,13.6251,-0.2291,-0.3467,-0.0273,-0.516,-0.0587,-1.0367,0.0108,0.1878,52.2293,0.122,-0.1003
單家主動賣,1,1,305,20.4098,1.1246,7.2033,-0.3157,-0.4386,-0.1195,-2.2452,-0.152,-2.5872,-0.1157,-1.7909,48.1967,-0.2024,-0.0296
主動買超金額Top10,1,1,315,9.3206,1.2362,16.4253,-0.2123,-0.3324,-0.013,-0.1777,-0.0636,-0.8549,0.0648,0.8931,47.9365,0.1447,-0.0145
主動賣超金額Top10,1,1,305,7.741,1.1586,6.727,-0.2752,-0.398,-0.079,-1.2943,-0.1084,-1.6808,-0.1031,-1.3873,49.8361,-0.2206,0.0136
新建倉,1,1,259,7.3012,1.1338,18.8617,-0.2418,-0.3824,-0.012,-0.0838,-0.1151,-0.7883,-0.0004,-0.0025,49.4163,0.3219,-0.3152
連續主動買≥3天,1,1,224,4.7768,1.2176,18.967,-0.451,-0.5993,-0.2,-1.3817,-0.2389,-1.597,-0.0452,-0.2761,49.0991,0.1023,-0.1901
5日累積主動買Top10,1,1,315,9.9968,1.2983,18.6118,-0.237,-0.357,-0.0377,-0.5748,-0.0803,-1.1671,0.0406,0.6493,53.3333,0.0903,-0.0087
主動買量/均量Top10,1,1,315,9.3048,1.0263,13.2477,-0.2046,-0.3247,-0.0053,-0.0812,-0.0374,-0.552,0.0357,0.5364,50.7937,0.0941,-0.0224
共振買≥3家,1,1,168,3.256,1.3987,22.355,-0.5192,-0.6633,-0.2854,-1.6229,-0.3898,-2.093,-0.2493,-1.4326,42.8571,-0.0269,-0.4717
共振買≥2家,1,5,255,7.2549,1.3147,18.5059,0.9215,-0.3377,0.0146,0.0433,-0.4884,-1.4893,-0.6318,-1.7621,43.254,-0.9655,-0.3085
共振賣≥2家,1,5,178,4.5787,1.2647,3.9783,1.4489,0.1494,0.5251,1.1133,-0.0421,-0.0914,0.1192,0.2753,51.4124,0.2399,-0.0029
單家主動買,1,5,309,29.2816,1.1476,13.6514,1.0069,-0.1734,0.2007,1.2484,-0.124,-0.7498,-0.305,-1.6599,45.6311,-0.0933,-0.5153
單家主動賣,1,5,300,20.2,1.1242,7.1836,1.189,-0.0054,0.3712,2.0961,0.0307,0.1794,-0.0808,-0.4226,50.3333,-0.2225,0.0608
主動買超金額Top10,1,5,310,9.3097,1.2342,16.4601,1.0098,-0.175,0.2019,0.8541,-0.1527,-0.6413,-0.2382,-1.0938,45.4839,-0.0643,-0.412
主動賣超金額Top10,1,5,300,7.7167,1.1554,6.64,1.3803,0.1859,0.5624,2.5911,0.2172,1.1044,0.0752,0.3556,51.6667,-0.0961,0.2466
新建倉,1,5,254,7.3189,1.1332,18.9726,1.3897,0.1316,0.5679,1.31,0.2752,0.7155,0.3861,1.0146,50.7937,0.5004,0.2735
連續主動買≥3天,1,5,220,4.7864,1.2158,19.0544,1.4376,0.2045,0.6152,1.3181,0.2033,0.4305,0.0236,0.0466,47.7064,0.276,-0.2242
5日累積主動買Top10,1,5,310,9.9968,1.2984,18.5868,1.3373,0.1525,0.5295,1.6867,0.1031,0.3659,-0.0571,-0.2046,50.6452,0.0833,-0.1974
主動買量/均量Top10,1,5,310,9.2935,1.0294,13.2905,0.6759,-0.5089,-0.1319,-0.655,-0.2927,-1.3266,-0.2623,-1.2828,44.1935,-0.2927,-0.232
共振買≥3家,1,5,164,3.2256,1.3949,22.3417,0.7473,-0.4306,-0.1008,-0.1655,-0.6407,-1.1271,-0.5226,-0.9317,45.7317,-0.058,-0.9873
共振買≥2家,1,10,251,7.1833,1.3147,18.5707,3.133,0.5433,0.9633,1.2645,-0.0755,-0.1046,-0.5269,-0.795,43.9516,-0.8478,-0.2161
共振賣≥2家,1,10,173,4.4046,1.262,4.0236,3.3789,0.6432,1.0437,1.442,-0.0764,-0.1099,-0.3231,-0.45,46.5116,-0.0711,-0.5751
單家主動買,1,10,304,29.2007,1.147,13.7035,2.7634,0.287,0.7724,2.3935,0.113,0.3658,-0.338,-0.9566,48.6842,-0.24,-0.4361
單家主動賣,1,10,296,19.7635,1.1258,7.2749,2.7253,0.2126,0.7083,2.8635,0.0035,0.0133,-0.5697,-2.2436,42.9054,-0.7297,-0.4096
主動買超金額Top10,1,10,305,9.2984,1.2331,16.501,2.9096,0.4307,0.9223,2.1202,0.1764,0.4472,-0.2831,-0.7488,43.6066,-0.3312,-0.2353
主動賣超金額Top10,1,10,296,7.6723,1.1528,6.6912,2.747,0.2343,0.73,2.684,-0.0005,-0.0019,-0.4956,-1.8703,43.9189,-0.7233,-0.2678
新建倉,1,10,251,7.1873,1.1348,18.9526,3.3718,0.7234,1.2733,2.421,0.7998,1.6112,0.6663,1.3104,51.4056,0.4153,0.9114
連續主動買≥3天,1,10,215,4.8372,1.2142,19.4707,3.5714,0.9077,1.4147,1.5658,0.569,0.7056,-0.2536,-0.2853,41.3146,-0.9619,0.435
5日累積主動買Top10,1,10,305,9.9967,1.2961,18.6546,3.2582,0.7792,1.2708,2.1409,0.3341,0.6702,-0.0607,-0.1246,50.1639,-0.0148,-0.1062
主動買量/均量Top10,1,10,305,9.282,1.0333,13.3776,2.1571,-0.3219,0.1697,0.4613,-0.1825,-0.476,-0.2272,-0.6446,44.5902,-0.2929,-0.162
共振買≥3家,1,10,159,3.1887,1.397,22.698,2.8426,0.2133,0.6688,0.4768,-0.5127,-0.452,-0.8182,-0.7359,41.5094,1.2216,-2.8325
共振買≥2家,1,20,240,7.1583,1.3134,18.9212,7.3893,2.0374,2.6324,1.8607,0.3454,0.2847,-0.4531,-0.4973,46.4135,-1.5466,0.6129
共振賣≥2家,1,20,163,4.3926,1.2529,4.4604,7.2636,2.0805,2.7048,1.5786,0.721,0.5036,-0.4157,-0.2714,44.4444,0.4276,-1.259
單家主動買,1,20,294,29.0068,1.1469,13.9525,6.5654,1.4098,2.1218,3.1751,0.6475,1.0324,-0.4983,-0.7321,46.9388,-0.8185,-0.178
單家主動賣,1,20,285,19.6632,1.1229,7.4787,6.4916,1.3403,2.0582,3.2474,0.6728,1.1914,-0.2933,-0.5484,46.6667,-1.0909,0.4989
主動買超金額Top10,1,20,295,9.2949,1.2275,16.8232,7.0279,1.8613,2.5928,2.8882,0.9,1.3029,0.0007,0.0011,47.4576,-0.5991,0.5966
主動賣超金額Top10,1,20,285,7.6211,1.1465,6.9263,6.6853,1.534,2.2519,3.1274,0.8933,1.5836,-0.3059,-0.5262,45.2632,-1.2823,0.6637
新建倉,1,20,240,7.2958,1.1359,19.0036,6.7902,1.3232,2.078,1.7791,0.746,0.8444,0.3083,0.3295,42.8571,-0.7968,1.395
連續主動買≥3天,1,20,208,4.8606,1.2166,20.2214,8.5056,3.1875,3.8854,2.1504,2.0816,1.39,0.3344,0.2227,47.0874,-0.9928,1.6361
5日累積主動買Top10,1,20,295,9.9966,1.2909,19.0605,7.5779,2.4113,3.1428,2.6229,1.0663,1.2743,0.3126,0.3889,52.2034,-0.0157,0.6386
主動買量/均量Top10,1,20,295,9.2814,1.0361,13.6017,5.7442,0.5776,1.3091,1.9698,0.3589,0.5657,0.0862,0.1469,49.4915,-0.2752,0.4451
共振買≥3家,1,20,150,3.22,1.3965,23.4477,6.1519,1.0407,1.5435,0.5475,-0.924,-0.425,-1.1404,-0.6444,43.3333,1.2062,-3.487
共振買≥2家,2,1,258,7.2907,1.3164,18.4753,-0.1889,-0.3341,0.0158,0.1635,-0.0332,-0.3258,0.0047,0.0444,50.5882,0.0224,-0.0126
共振賣≥2家,2,1,181,4.6133,1.2664,4.0452,-0.3821,-0.5427,-0.1509,-1.0999,-0.2391,-1.6664,-0.1584,-1.1156,51.1111,-0.2698,-0.047
單家主動買,2,1,313,29.393,1.1472,13.6392,-0.3043,-0.4278,-0.099,-2.1879,-0.128,-2.6219,-0.1133,-2.2546,44.7284,-0.067,-0.1593
單家主動賣,2,1,304,20.3454,1.1249,7.2095,-0.2031,-0.3264,0.0023,0.034,-0.0267,-0.3845,-0.0089,-0.1185,46.7105,-0.026,0.0082
主動買超金額Top10,2,1,314,9.328,1.2356,16.4405,-0.3439,-0.4644,-0.1379,-2.0683,-0.1686,-2.4703,-0.1353,-2.0928,44.9045,-0.0983,-0.1724
主動賣超金額Top10,2,1,304,7.7434,1.1579,6.7033,-0.1986,-0.3219,0.0068,0.0872,-0.0207,-0.2611,-0.0164,-0.2025,49.6711,0.0146,-0.0474
新建倉,2,1,259,7.2548,1.1343,18.887,-0.3037,-0.4321,-0.1083,-0.8016,-0.1197,-0.8924,-0.0679,-0.4868,49.0272,-0.0821,-0.0541
連續主動買≥3天,2,1,224,4.7679,1.2172,19.0283,-0.2012,-0.3185,0.0314,0.2067,0.0049,0.0325,-0.0285,-0.1804,49.0991,-0.0164,-0.0404
5日累積主動買Top10,2,1,314,9.9968,1.2979,18.6069,-0.2294,-0.3499,-0.0234,-0.3486,-0.0611,-0.8467,-0.0001,-0.001,52.2293,0.0855,-0.0856
主動買量/均量Top10,2,1,314,9.3121,1.028,13.2873,-0.3323,-0.4528,-0.1263,-2.1165,-0.1376,-2.2592,-0.1346,-2.2317,46.1783,-0.1482,-0.121
共振買≥3家,2,1,166,3.253,1.3995,22.4476,-0.3167,-0.4756,-0.1083,-0.6083,-0.1966,-1.015,-0.1406,-0.7513,46.988,-0.1316,-0.1495
共振買≥2家,2,5,253,7.2372,1.3153,18.564,1.1586,-0.1458,0.2235,0.5919,-0.2922,-0.7933,-0.4372,-1.2082,44.8,-0.7714,-0.1135
共振賣≥2家,2,5,177,4.5424,1.2643,4.0167,1.24,-0.0848,0.3415,0.7589,-0.2876,-0.6579,-0.2172,-0.4751,46.5909,0.1757,-0.6102
單家主動買,2,5,308,29.1656,1.148,13.6699,0.9553,-0.2226,0.164,0.9379,-0.1686,-1.0043,-0.3513,-1.8403,45.4545,-0.2564,-0.4463
單家主動賣,2,5,299,20.0635,1.1254,7.2305,1.1826,-0.0199,0.3707,2.0497,0.0354,0.2105,-0.0405,-0.2042,51.8395,-0.038,-0.043
主動買超金額Top10,2,5,309,9.3172,1.2344,16.4545,0.9962,-0.1808,0.2089,0.8862,-0.1508,-0.6551,-0.2637,-1.1689,45.6311,-0.2052,-0.3219
主動賣超金額Top10,2,5,299,7.7224,1.1555,6.6686,1.3126,0.1102,0.5007,2.3188,0.1593,0.8185,0.1024,0.4642,52.5084,0.0818,0.1229
新建倉,2,5,254,7.2205,1.136,18.9167,1.1995,-0.093,0.3312,0.8917,0.1327,0.3915,0.2384,0.6565,49.2063,-0.2532,0.7223
連續主動買≥3天,2,5,220,4.7682,1.2147,19.1165,1.761,0.48,0.8659,1.9187,0.4463,1.0635,-0.0404,-0.0908,44.0367,-0.0811,-0.0005
5日累積主動買Top10,2,5,309,9.9968,1.2984,18.5938,1.3121,0.1351,0.5247,1.6792,0.1029,0.3836,-0.0854,-0.3151,49.8382,-0.0324,-0.1381
主動買量/均量Top10,2,5,309,9.301,1.0315,13.3141,0.5704,-0.6066,-0.217,-0.9836,-0.36,-1.5706,-0.2788,-1.2665,44.9838,-0.4877,-0.0712
共振買≥3家,2,5,162,3.1975,1.3965,22.4929,1.3245,0.1948,0.5326,0.8646,0.0609,0.1073,0.1201,0.2215,48.1481,0.0189,0.2214
共振買≥2家,2,10,249,7.1847,1.3147,18.6391,3.1501,0.5286,0.9586,1.2939,-0.0784,-0.1093,-0.4586,-0.7488,43.4959,-0.815,-0.1136
共振賣≥2家,2,10,172,4.4012,1.2621,4.0259,3.227,0.641,1.0347,1.4033,-0.0749,-0.1059,-0.3699,-0.5296,43.8596,0.0384,-0.783
單家主動買,2,10,303,29.165,1.1473,13.7647,2.725,0.2515,0.7488,2.2593,0.0722,0.2336,-0.4678,-1.2285,48.1848,-0.6387,-0.298
單家主動賣,2,10,294,19.7789,1.126,7.2774,2.9399,0.4281,0.9315,3.5275,0.2125,0.7519,-0.2918,-1.1624,49.3197,-0.3711,-0.2125
主動買超金額Top10,2,10,304,9.3059,1.2321,16.5531,2.7893,0.3116,0.8189,1.8411,0.075,0.1914,-0.4205,-1.0151,46.7105,-0.6542,-0.1869
主動賣超金額Top10,2,10,294,7.6973,1.1517,6.6802,2.9322,0.4204,0.9238,3.2067,0.1784,0.6214,-0.2235,-0.8485,46.5986,-0.4289,-0.0181
新建倉,2,10,251,7.1753,1.1351,18.9519,3.5059,0.8081,1.3421,2.3528,0.9399,1.7816,0.7747,1.3031,50.2008,0.0234,1.508
連續主動買≥3天,2,10,215,4.8326,1.2154,19.5719,3.5657,0.8705,1.3237,1.5924,0.4297,0.5942,-0.3933,-0.5276,42.2535,-0.885,0.0847
5日累積主動買Top10,2,10,304,9.9967,1.2953,18.6997,3.2575,0.7798,1.2871,2.1506,0.3306,0.6613,-0.0277,-0.0572,48.3553,-0.1074,0.052
主動買量/均量Top10,2,10,304,9.2895,1.0346,13.4726,2.1247,-0.3529,0.1544,0.4,-0.2038,-0.5273,-0.3452,-0.8894,44.4079,-0.5989,-0.0916
共振買≥3家,2,10,157,3.1847,1.3981,22.8299,3.0946,0.4155,0.8982,0.6243,-0.2563,-0.2097,-0.4998,-0.4331,45.8599,1.1449,-2.1236
共振買≥2家,2,20,239,7.1674,1.3139,18.9905,7.6179,2.2066,2.8528,2.1025,0.584,0.5094,-0.2668,-0.335,49.5763,-1.0646,0.5044
共振賣≥2家,2,20,162,4.3827,1.2533,4.3761,7.2505,2.1211,2.8008,1.618,0.8083,0.5648,-0.4227,-0.2648,43.4783,0.5208,-1.378
單家主動買,2,20,293,29.0478,1.1466,13.9672,6.5699,1.4174,2.15,3.1972,0.6883,1.1135,-0.4287,-0.636,46.7577,-0.7635,-0.0962
單家主動賣,2,20,284,19.6585,1.1221,7.4908,6.6407,1.5035,2.2425,3.6015,0.871,1.5777,-0.0534,-0.0962,50.0,-0.7739,0.667
主動買超金額Top10,2,20,294,9.2993,1.2271,16.838,6.9423,1.7815,2.5334,2.9057,0.8596,1.2707,-0.0271,-0.042,51.7007,-0.6127,0.5585
主動賣超金額Top10,2,20,284,7.6268,1.146,6.8892,6.6738,1.5366,2.2756,3.1339,0.9194,1.6006,-0.1975,-0.3107,45.7746,-1.0568,0.6618
新建倉,2,20,240,7.2667,1.137,19.0807,6.6064,1.131,1.8758,1.6463,0.6293,0.7417,0.1323,0.1309,43.6975,-1.505,1.7423
連續主動買≥3天,2,20,208,4.8606,1.2164,20.1798,8.5313,3.2943,3.9477,2.2302,2.2248,1.5329,0.604,0.413,43.2039,-0.6451,1.829
5日累積主動買Top10,2,20,294,9.9966,1.2909,19.0908,7.5255,2.3647,3.1166,2.6713,1.0362,1.2926,0.2812,0.3665,53.7415,-0.1415,0.7038
主動買量/均量Top10,2,20,294,9.2857,1.0359,13.6266,5.6395,0.4787,1.2306,1.8793,0.348,0.5687,0.0929,0.163,51.3605,-0.2651,0.4509
共振買≥3家,2,20,148,3.2432,1.3986,23.6524,6.632,1.6276,2.1718,0.7193,-0.2114,-0.0865,-0.6664,-0.3746,44.5946,1.5741,-2.9069
買減賣：共振買≥2家−共振賣≥2家,1,1,178,,,,,,-0.0602,-0.3138,,,-0.1061,-0.5196,,,
買減賣：共振買≥2家−共振賣≥2家,1,5,174,,,,,,-0.5138,-0.8645,,,-0.6891,-1.064,,,
買減賣：共振買≥2家−共振賣≥2家,1,10,169,,,,,,0.2479,0.2866,,,0.012,0.0103,,,
買減賣：共振買≥2家−共振賣≥2家,1,20,159,,,,,,0.1014,0.0935,,,0.431,0.2387,,,
買減賣：共振買≥2家−共振賣≥2家,2,1,177,,,,,,0.03,0.1796,,,0.0629,0.3457,,,
買減賣：共振買≥2家−共振賣≥2家,2,5,173,,,,,,-0.1486,-0.2595,,,-0.0874,-0.1371,,,
買減賣：共振買≥2家−共振賣≥2家,2,10,168,,,,,,0.1568,0.1987,,,0.2852,0.2757,,,
買減賣：共振買≥2家−共振賣≥2家,2,20,158,,,,,,-0.0811,-0.0883,,,0.5376,0.3276,,,
買減賣：單家主動買−單家主動賣,1,1,304,,,,,,0.0868,1.3063,,,0.1213,1.4003,,,
買減賣：單家主動買−單家主動賣,1,5,299,,,,,,-0.1871,-0.984,,,-0.2424,-1.0112,,,
買減賣：單家主動買−單家主動賣,1,10,295,,,,,,0.0985,0.3125,,,0.236,0.6068,,,
買減賣：單家主動買−單家主動賣,1,20,284,,,,,,0.031,0.0515,,,-0.2337,-0.2594,,,
買減賣：單家主動買−單家主動賣,2,1,303,,,,,,-0.1056,-1.382,,,-0.1068,-1.2401,,,
買減賣：單家主動買−單家主動賣,2,5,298,,,,,,-0.1937,-0.9091,,,-0.3018,-1.178,,,
買減賣：單家主動買−單家主動賣,2,10,293,,,,,,-0.1467,-0.4525,,,-0.1716,-0.4188,,,
買減賣：單家主動買−單家主動賣,2,20,283,,,,,,-0.0997,-0.1631,,,-0.3716,-0.4013,,,
買減賣：主動買超金額Top10−主動賣超金額Top10,1,1,305,,,,,,0.0612,0.7035,,,0.1663,1.5842,,,
買減賣：主動買超金額Top10−主動賣超金額Top10,1,5,300,,,,,,-0.3772,-1.3879,,,-0.3334,-1.0516,,,
買減賣：主動買超金額Top10−主動賣超金額Top10,1,10,296,,,,,,0.1942,0.4971,,,0.1854,0.401,,,
買減賣：主動買超金額Top10−主動賣超金額Top10,1,20,285,,,,,,0.3122,0.5046,,,0.3161,0.3768,,,
買減賣：主動買超金額Top10−主動賣超金額Top10,2,1,304,,,,,,-0.1537,-1.5811,,,-0.1271,-1.2511,,,
買減賣：主動買超金額Top10−主動賣超金額Top10,2,5,299,,,,,,-0.2955,-1.076,,,-0.3782,-1.1772,,,
買減賣：主動買超金額Top10−主動賣超金額Top10,2,10,294,,,,,,-0.1039,-0.2596,,,-0.2228,-0.4495,,,
買減賣：主動買超金額Top10−主動賣超金額Top10,2,20,284,,,,,,0.2312,0.382,,,0.1914,0.2143,,,
