date,code,name,weight,shares,unit
2026-08-25,DA_NTD,AFTER DEDUCTING SECURITIES PURCHASES AMOUNT,70.46,12873918804,元
2026-08-25,HOOD US,羅賓漢市場公司,2.52,129000,股
2026-08-25,GDX US,VanEck黃金礦業交易所交易基金,2.32,126000,單位
2026-08-25,6274,台燿科技,2.05,252000,股
2026-08-25,6223,旺矽科技,1.81,59000,股
2026-08-25,PLTR US,帕蘭提爾科技公司,1.81,60000,股
2026-08-25,MRVL US,Marvell Technology Inc,1.68,40000,股
2026-08-25,WPM US,惠頓貴金屬公司,1.51,53000,股
2026-08-25,BMNR US,BitMineImmersion技術公司,1.39,320000,股
2026-08-25,2383,台光電子,1.38,45000,股
2026-08-25,4062 JP,揖斐電有限公司,1.36,62000,股
2026-08-25,2059,川湖科技,1.25,16000,股
2026-08-25,COIN US,比特幣基地全球公司,1.14,35000,股
2026-08-25,COPX US,GlobalX銅礦ETF,1.09,65000,單位
2026-08-25,LITE US,魯門特姆控股公司,0.93,6000,股
2026-08-25,NVDA US,輝達公司,0.93,25000,股
2026-08-25,000660 KS,愛思開海力士公司,0.85,4000,股
2026-08-25,285A JP,鎧俠控股公司,0.84,15000,股
2026-08-25,LLY US,禮來公司,0.84,3900,股
2026-08-25,TEM US,TempusAI公司,0.84,70000,股
2026-08-25,MU US,美光科技公司,0.81,5000,股
2026-08-25,SNDK US,晟碟公司（德拉瓦州）,0.78,3000,股
2026-08-25,CCJ US,卡梅科公司,0.75,40000,股
2026-08-25,MP US,MP材料公司,0.74,70000,股
2026-08-25,MA US,萬事達卡,0.73,7000,股
2026-08-25,EXPE US,智遊網集團公司,0.71,12000,股
2026-08-25,MSFT US,微軟公司,0.69,8000,股
2026-08-25,RPRX US,皇家醫藥公開有限公司,0.54,50000,股
2026-08-25,STX US,希捷科技控股公開有限公司,0.43,3000,股
2026-08-25,DA_KRW,AFTER DEDUCTING SECURITIES PURCHASES AMOUNT,0.0,0,元
2026-08-25,DA_JPY,AFTER DEDUCTING SECURITIES PURCHASES AMOUNT,-1.34,-1225167092,元
2026-08-25,DA_USD,AFTER DEDUCTING SECURITIES PURCHASES AMOUNT,-1.81,-10363392,元
2026-08-26,DA_NTD,AFTER DEDUCTING SECURITIES PURCHASES AMOUNT,60.67,11064341150,元
2026-08-26,2383,台光電子,2.75,85000,股
2026-08-26,HOOD US,羅賓漢市場公司,2.44,129000,股
2026-08-26,GDX US,VanEck黃金礦業交易所交易基金,2.25,126000,單位
2026-08-26,6274,台燿科技,2.11,252000,股
2026-08-26,BMNR US,BitMineImmersion技術公司,2.04,468640,股
2026-08-26,PLTR US,帕蘭提爾科技公司,1.86,60000,股
2026-08-26,NVDA US,輝達公司,1.79,49000,股
2026-08-26,MRVL US,Marvell Technology Inc,1.71,40000,股
2026-08-26,6223,旺矽科技,1.63,59000,股
2026-08-26,LITE US,魯門特姆控股公司,1.48,9000,股
2026-08-26,COPX US,GlobalX銅礦ETF,1.45,87000,單位
2026-08-26,WPM US,惠頓貴金屬公司,1.44,53000,股
2026-08-26,COIN US,比特幣基地全球公司,1.43,45000,股
2026-08-26,4062 JP,揖斐電有限公司,1.37,62000,股
2026-08-26,3037,欣興電子,1.35,212000,股
2026-08-26,2059,川湖科技,1.27,16000,股
2026-08-26,MSFT US,微軟公司,1.21,14000,股
2026-08-26,CCJ US,卡梅科公司,1.18,63000,股
2026-08-26,STX US,希捷科技控股公開有限公司,0.89,6000,股
2026-08-26,BE US,布魯姆能源公司,0.88,23000,股
2026-08-26,3017,奇鋐科技,0.87,50000,股
2026-08-26,CRCL US,Circle網路集團公司,0.86,55000,股
2026-08-26,000660 KS,愛思開海力士公司,0.85,4000,股
2026-08-26,TEM US,TempusAI公司,0.84,70000,股
2026-08-26,MU US,美光科技公司,0.82,5000,股
2026-08-26,LLY US,禮來公司,0.81,3900,股
2026-08-26,SNDK US,晟碟公司（德拉瓦州）,0.79,3000,股
2026-08-26,MA US,萬事達卡,0.73,7000,股
2026-08-26,MP US,MP材料公司,0.73,70000,股
2026-08-26,EXPE US,智遊網集團公司,0.7,12000,股
2026-08-26,MRK US,默克藥廠,0.67,25000,股
2026-08-26,034020 KS,斗山重工業,0.65,60000,股
2026-08-26,RPRX US,皇家醫藥公開有限公司,0.54,50000,股
2026-08-26,8473 JP,SBI控股公司,0.21,55000,股
2026-08-26,DA_KRW,AFTER DEDUCTING SECURITIES PURCHASES AMOUNT,-0.65,-5160707276,元
2026-08-26,DA_JPY,AFTER DEDUCTING SECURITIES PURCHASES AMOUNT,-1.55,-1412624215,元
2026-08-26,DA_USD,AFTER DEDUCTING SECURITIES PURCHASES AMOUNT,-1.85,-10627809,元
2026-08-27,DA_NTD,AFTER DEDUCTING SECURITIES PURCHASES AMOUNT,47.02,8585488556,元
2026-08-27,2383,台光電子,2.98,99000,股
2026-08-27,HOOD US,羅賓漢市場公司,2.46,129000,股
2026-08-27,GDX US,VanEck黃金礦業交易所交易基金,2.27,126000,單位
2026-08-27,3017,奇鋐科技,2.16,118000,股
2026-08-27,BMNR US,BitMineImmersion技術公司,2.09,468640,股
2026-08-27,MRVL US,Marvell Technology Inc,2.01,48000,股
2026-08-27,6274,台燿科技,1.99,252000,股
2026-08-27,LITE US,魯門特姆控股公司,1.96,11800,股
2026-08-27,NVDA US,輝達公司,1.94,49000,股
2026-08-27,PLTR US,帕蘭提爾科技公司,1.94,60000,股
2026-08-27,3037,欣興電子,1.83,283000,股
2026-08-27,000660 KS,愛思開海力士公司,1.74,8000,股
2026-08-27,6223,旺矽科技,1.65,59000,股
2026-08-27,COIN US,比特幣基地全球公司,1.49,45000,股
2026-08-27,BE US,布魯姆能源公司,1.48,39000,股
2026-08-27,COPX US,GlobalX銅礦ETF,1.46,87000,單位
2026-08-27,WPM US,惠頓貴金屬公司,1.45,53000,股
2026-08-27,4062 JP,揖斐電有限公司,1.39,62000,股
2026-08-27,MU US,美光科技公司,1.33,8200,股
2026-08-27,2059,川湖科技,1.26,16000,股
2026-08-27,MSFT US,微軟公司,1.23,14000,股
2026-08-27,DA_USD,AFTER DEDUCTING SECURITIES PURCHASES AMOUNT,1.18,6819770,元
2026-08-27,CCJ US,卡梅科公司,1.16,63000,股
2026-08-27,8046,南亞電路,0.93,131000,股
2026-08-27,CRCL US,Circle網路集團公司,0.9,55000,股
2026-08-27,STX US,希捷科技控股公開有限公司,0.88,6000,股
2026-08-27,TEM US,TempusAI公司,0.86,70000,股
2026-08-27,3008,大立光電,0.8,21000,股
2026-08-27,LLY US,禮來公司,0.8,3900,股
2026-08-27,SNDK US,晟碟公司（德拉瓦州）,0.77,3000,股
2026-08-27,3189,景碩科技,0.75,150000,股
2026-08-27,CRDO US,Credo科技集團控股有限公司,0.75,18000,股
2026-08-27,3081,聯亞光電,0.74,40000,股
2026-08-27,MA US,萬事達卡,0.72,7000,股
2026-08-27,MP US,MP材料公司,0.72,70000,股
2026-08-27,EXPE US,智遊網集團公司,0.66,12000,股
2026-08-27,034020 KS,斗山重工業,0.65,60000,股
2026-08-27,MRK US,默克藥廠,0.65,25000,股
2026-08-27,SPCX US,太空探索科技公司,0.61,25000,股
2026-08-27,RPRX US,皇家醫藥公開有限公司,0.54,50000,股
2026-08-27,ALAB US,Astera實驗室公司,0.53,10000,股
2026-08-27,8473 JP,SBI控股公司,0.2,55000,股
2026-08-27,DA_JPY,AFTER DEDUCTING SECURITIES PURCHASES AMOUNT,-0.2,-187457123,元
2026-08-27,DA_KRW,AFTER DEDUCTING SECURITIES PURCHASES AMOUNT,-1.52,-12082058443,元
2026-08-28,DA_NTD,AFTER DEDUCTING SECURITIES PURCHASES AMOUNT,42.19,7570403403,元
2026-08-28,PLTR US,帕蘭提爾科技公司,3.22,98000,股
2026-08-28,2383,台光電子,3.03,99000,股
2026-08-28,NVDA US,輝達公司,2.99,78000,股
2026-08-28,LITE US,魯門特姆控股公司,2.68,17000,股
2026-08-28,HOOD US,羅賓漢市場公司,2.65,144000,股
2026-08-28,3017,奇鋐科技,2.57,137000,股
2026-08-28,MU US,美光科技公司,2.25,13700,股
2026-08-28,GDX US,VanEck黃金礦業交易所交易基金,2.21,126000,單位
2026-08-28,6274,台燿科技,2.09,252000,股
2026-08-28,MSFT US,微軟公司,2.08,23000,股
2026-08-28,BE US,布魯姆能源公司,2.04,55000,股
2026-08-28,BMNR US,BitMineImmersion技術公司,1.97,468640,股
2026-08-28,TSM US,台灣積體電路製造股份有限公司,1.84,25000,股
2026-08-28,4062 JP,揖斐電有限公司,1.83,82000,股
2026-08-28,MRVL US,Marvell Technology Inc,1.83,48000,股
2026-08-28,3037,欣興電子,1.75,283000,股
2026-08-28,COPX US,GlobalX銅礦ETF,1.73,104000,單位
2026-08-28,000660 KS,愛思開海力士公司,1.7,8000,股
2026-08-28,WPM US,惠頓貴金屬公司,1.7,63000,股
2026-08-28,ALAB US,Astera實驗室公司,1.53,30000,股
2026-08-28,COIN US,比特幣基地全球公司,1.42,45000,股
2026-08-28,009150 KS,三星電機,1.37,7500,股
2026-08-28,TEM US,TempusAI公司,1.35,120000,股
2026-08-28,PANW US,Palo Alto Networks Inc,1.31,20000,股
2026-08-28,2059,川湖科技,1.28,16000,股
2026-08-28,NOW US,ServiceNow公司,1.2,47000,股
2026-08-28,EXPE US,智遊網集團公司,1.16,20000,股
2026-08-28,CRDO US,Credo科技集團控股有限公司,1.15,28000,股
2026-08-28,CCJ US,卡梅科公司,1.11,63000,股
2026-08-28,SPCX US,太空探索科技公司,1.07,43000,股
2026-08-28,DELL US,戴爾科技公司,1.05,13000,股
2026-08-28,8473 JP,SBI控股公司,0.97,255000,股
2026-08-28,034020 KS,斗山重工業,0.96,85000,股
2026-08-28,600183 CH,廣東生益科技股份有限公司,0.96,250000,股
2026-08-28,8046,南亞電路,0.91,131000,股
2026-08-28,STX US,希捷科技控股公開有限公司,0.88,6000,股
2026-08-28,SNOW US,Snowflake公司,0.87,15000,股
2026-08-28,CRCL US,Circle網路集團公司,0.85,55000,股
2026-08-28,3008,大立光電,0.83,21000,股
2026-08-28,LLY US,禮來公司,0.81,3900,股
2026-08-28,SNDK US,晟碟公司（德拉瓦州）,0.79,3000,股
2026-08-28,3189,景碩科技,0.75,150000,股
2026-08-28,3081,聯亞光電,0.74,40000,股
2026-08-28,MA US,萬事達卡,0.73,7000,股
2026-08-28,MP US,MP材料公司,0.69,70000,股
2026-08-28,MRK US,默克藥廠,0.65,25000,股
2026-08-28,RPRX US,皇家醫藥公開有限公司,0.54,50000,股
2026-08-28,NET US,Cloudflare公司,0.53,10000,股
2026-08-28,DA_CNH,AFTER DEDUCTING SECURITIES PURCHASES AMOUNT,-0.98,-37272438,元
2026-08-28,DA_JPY,AFTER DEDUCTING SECURITIES PURCHASES AMOUNT,-1.2,-1089807621,元
2026-08-28,DA_KRW,AFTER DEDUCTING SECURITIES PURCHASES AMOUNT,-2.55,-19863583716,元
2026-08-28,DA_USD,AFTER DEDUCTING SECURITIES PURCHASES AMOUNT,-9.68,-54918408,元
2026-08-31,DA_NTD,AFTER DEDUCTING SECURITIES PURCHASES AMOUNT,27.76,4997179877,元
2026-08-31,PLTR US,帕蘭提爾科技公司,3.64,111000,股
2026-08-31,LITE US,魯門特姆控股公司,3.27,20300,股
2026-08-31,MU US,美光科技公司,3.07,18200,股
2026-08-31,NVDA US,輝達公司,3.03,78000,股
2026-08-31,2383,台光電子,3.02,99000,股
2026-08-31,HOOD US,羅賓漢市場公司,2.66,144000,股
2026-08-31,3017,奇鋐科技,2.61,137000,股
2026-08-31,4062 JP,揖斐電有限公司,2.5,111000,股
2026-08-31,MSFT US,微軟公司,2.41,27000,股
2026-08-31,GDX US,VanEck黃金礦業交易所交易基金,2.18,126000,單位
2026-08-31,000660 KS,愛思開海力士公司,2.16,10054,股
2026-08-31,BMNR US,BitMineImmersion技術公司,2.09,468640,股
2026-08-31,6274,台燿科技,2.01,252000,股
2026-08-31,BE US,布魯姆能源公司,2.0,55000,股
2026-08-31,009150 KS,三星電機,1.84,9800,股
2026-08-31,TSM US,台灣積體電路製造股份有限公司,1.83,25000,股
2026-08-31,MRVL US,Marvell Technology Inc,1.79,48000,股
2026-08-31,COPX US,GlobalX銅礦ETF,1.7,104000,單位
2026-08-31,PANW US,Palo Alto Networks Inc,1.7,25300,股
2026-08-31,600183 CH,廣東生益科技股份有限公司,1.69,420000,股
2026-08-31,WPM US,惠頓貴金屬公司,1.67,63000,股
2026-08-31,CRDO US,Credo科技集團控股有限公司,1.63,41000,股
2026-08-31,SPCX US,太空探索科技公司,1.62,64000,股
2026-08-31,NOW US,ServiceNow公司,1.59,61000,股
2026-08-31,3037,欣興電子,1.57,283000,股
2026-08-31,ALAB US,Astera實驗室公司,1.57,30000,股
2026-08-31,3026,禾伸堂企,1.56,379000,股
2026-08-31,GOOGL US,Alphabet公司,1.55,26000,股
2026-08-31,SNDK US,晟碟公司（德拉瓦州）,1.52,5500,股
2026-08-31,COIN US,比特幣基地全球公司,1.49,45000,股
2026-08-31,EXPE US,智遊網集團公司,1.45,26000,股
2026-08-31,CRWD US,Crowdstrike控股公司,1.38,34000,股
2026-08-31,AMZN US,亞馬遜公司,1.37,30000,股
2026-08-31,TEM US,TempusAI公司,1.33,120000,股
2026-08-31,CRM US,賽富時公司,1.31,29000,股
2026-08-31,2059,川湖科技,1.26,16000,股
2026-08-31,3653,健策精密,1.23,37000,股
2026-08-31,034020 KS,斗山重工業,1.15,108000,股
2026-08-31,DELL US,戴爾科技公司,1.04,13000,股
2026-08-31,8473 JP,SBI控股公司,0.93,255000,股
2026-08-31,CRCL US,Circle網路集團公司,0.93,55000,股
2026-08-31,8046,南亞電路,0.9,131000,股
2026-08-31,3008,大立光電,0.89,21000,股
2026-08-31,SNOW US,Snowflake公司,0.88,15000,股
2026-08-31,STX US,希捷科技控股公開有限公司,0.88,6000,股
2026-08-31,LLY US,禮來公司,0.79,3900,股
2026-08-31,3081,聯亞光電,0.78,40000,股
2026-08-31,MA US,萬事達卡,0.73,7000,股
2026-08-31,3189,景碩科技,0.68,150000,股
2026-08-31,MRK US,默克藥廠,0.65,25000,股
2026-08-31,NET US,Cloudflare公司,0.54,10000,股
2026-08-31,DA_CNH,AFTER DEDUCTING SECURITIES PURCHASES AMOUNT,-0.67,-25713485,元
2026-08-31,DA_JPY,AFTER DEDUCTING SECURITIES PURCHASES AMOUNT,-1.85,-1680156440,元
2026-08-31,DA_KRW,AFTER DEDUCTING SECURITIES PURCHASES AMOUNT,-2.77,-21580837899,元
2026-08-31,DA_USD,AFTER DEDUCTING SECURITIES PURCHASES AMOUNT,-10.44,-59328613,元
2026-09-01,DA_NTD,AFTER DEDUCTING SECURITIES PURCHASES AMOUNT,15.89,2803288575,元
2026-09-01,PLTR US,帕蘭提爾科技公司,3.94,122000,股
2026-09-01,LITE US,魯門特姆控股公司,3.51,22500,股
2026-09-01,2383,台光電子,3.17,99000,股
2026-09-01,HOOD US,羅賓漢市場公司,3.14,169000,股
2026-09-01,MU US,美光科技公司,3.05,18200,股
2026-09-01,NVDA US,輝達公司,3.04,78000,股
2026-09-01,MSFT US,微軟公司,2.88,32000,股
2026-09-01,3017,奇鋐科技,2.65,137000,股
2026-09-01,4062 JP,揖斐電有限公司,2.56,111000,股
2026-09-01,000660 KS,愛思開海力士公司,2.23,10054,股
2026-09-01,SNDK US,晟碟公司（德拉瓦州）,2.21,8000,股
2026-09-01,BE US,布魯姆能源公司,2.11,55000,股
2026-09-01,6274,台燿科技,2.07,252000,股
2026-09-01,BMNR US,BitMineImmersion技術公司,1.97,468640,股
2026-09-01,NOW US,ServiceNow公司,1.95,76000,股
2026-09-01,3026,禾伸堂企,1.93,466000,股
2026-09-01,TSM US,台灣積體電路製造股份有限公司,1.86,25000,股
2026-09-01,009150 KS,三星電機,1.83,9800,股
2026-09-01,8046,南亞電路,1.83,263000,股
2026-09-01,CRM US,賽富時公司,1.81,39000,股
2026-09-01,CRWD US,Crowdstrike控股公司,1.81,47000,股
2026-09-01,COPX US,GlobalX銅礦ETF,1.67,104000,單位
2026-09-01,AMZN US,亞馬遜公司,1.65,36000,股
2026-09-01,PANW US,Palo Alto Networks Inc,1.64,25300,股
2026-09-01,WPM US,惠頓貴金屬公司,1.64,63000,股
2026-09-01,3008,大立光電,1.63,38000,股
2026-09-01,SPCX US,太空探索科技公司,1.63,64000,股
2026-09-01,600183 CH,廣東生益科技股份有限公司,1.62,420000,股
2026-09-01,CRCL US,Circle網路集團公司,1.56,97000,股
2026-09-01,GOOGL US,Alphabet公司,1.56,26000,股
2026-09-01,CRDO US,Credo科技集團控股有限公司,1.52,41000,股
2026-09-01,ALAB US,Astera實驗室公司,1.51,30000,股
2026-09-01,COIN US,比特幣基地全球公司,1.43,45000,股
2026-09-01,EXPE US,智遊網集團公司,1.42,26000,股
2026-09-01,TEM US,TempusAI公司,1.34,120000,股
2026-09-01,SNOW US,Snowflake公司,1.29,22500,股
2026-09-01,2059,川湖科技,1.28,16000,股
2026-09-01,3653,健策精密,1.23,37000,股
2026-09-01,034020 KS,斗山重工業,1.15,108000,股
2026-09-01,GDX US,VanEck黃金礦業交易所交易基金,1.12,66000,單位
2026-09-01,MRVL US,Marvell Technology Inc,1.06,28000,股
2026-09-01,DELL US,戴爾科技公司,0.99,13000,股
2026-09-01,8473 JP,SBI控股公司,0.94,255000,股
2026-09-01,NET US,Cloudflare公司,0.93,18100,股
2026-09-01,STX US,希捷科技控股公開有限公司,0.88,6000,股
2026-09-01,LLY US,禮來公司,0.81,3900,股
2026-09-01,3081,聯亞光電,0.78,40000,股
2026-09-01,3189,景碩科技,0.74,150000,股
2026-09-01,MA US,萬事達卡,0.73,7000,股
2026-09-01,MRK US,默克藥廠,0.67,25000,股
2026-09-01,PSX US,菲利普66,0.45,10000,股
2026-09-01,DA_CNH,AFTER DEDUCTING SECURITIES PURCHASES AMOUNT,0.0,1,元
2026-09-01,DA_JPY,AFTER DEDUCTING SECURITIES PURCHASES AMOUNT,-0.66,-590348819,元
2026-09-01,DA_KRW,AFTER DEDUCTING SECURITIES PURCHASES AMOUNT,-1.13,-8638605350,元
2026-09-01,DA_USD,AFTER DEDUCTING SECURITIES PURCHASES AMOUNT,-5.84,-32551054,元
2026-09-02,DA_NTD,AFTER DEDUCTING SECURITIES PURCHASES AMOUNT,6.72,1178715351,元
2026-09-02,PLTR US,帕蘭提爾科技公司,3.74,122000,股
2026-09-02,LITE US,魯門特姆控股公司,3.55,22500,股
2026-09-02,MU US,美光科技公司,3.43,19800,股
2026-09-02,HOOD US,羅賓漢市場公司,3.27,169000,股
2026-09-02,NVDA US,輝達公司,3.17,78000,股
2026-09-02,MSFT US,微軟公司,3.15,35000,股
2026-09-02,2383,台光電子,3.07,99000,股
2026-09-02,SNDK US,晟碟公司（德拉瓦州）,2.81,10000,股
2026-09-02,3017,奇鋐科技,2.59,137000,股
2026-09-02,4062 JP,揖斐電有限公司,2.54,111000,股
2026-09-02,BE US,布魯姆能源公司,2.16,55000,股
2026-09-02,000660 KS,愛思開海力士公司,2.15,10054,股
2026-09-02,6274,台燿科技,2.03,252000,股
2026-09-02,BMNR US,BitMineImmersion技術公司,1.96,468640,股
2026-09-02,NOW US,ServiceNow公司,1.88,76000,股
2026-09-02,TSM US,台灣積體電路製造股份有限公司,1.88,25000,股
2026-09-02,DELL US,戴爾科技公司,1.87,21000,股
2026-09-02,009150 KS,三星電機,1.82,9800,股
2026-09-02,3026,禾伸堂企,1.82,466000,股
2026-09-02,CRM US,賽富時公司,1.81,39000,股
2026-09-02,8046,南亞電路,1.8,263000,股
2026-09-02,CRWD US,Crowdstrike控股公司,1.73,47000,股
2026-09-02,WPM US,惠頓貴金屬公司,1.72,63000,股
2026-09-02,3008,大立光電,1.69,38000,股
2026-09-02,AMZN US,亞馬遜公司,1.66,36000,股
2026-09-02,600183 CH,廣東生益科技股份有限公司,1.64,420000,股
2026-09-02,3189,景碩科技,1.63,337000,股
2026-09-02,SPCX US,太空探索科技公司,1.63,64000,股
2026-09-02,GOOGL US,Alphabet公司,1.59,26000,股
2026-09-02,CRCL US,Circle網路集團公司,1.56,97000,股
2026-09-02,PANW US,Palo Alto Networks Inc,1.5,25300,股
2026-09-02,ALAB US,Astera實驗室公司,1.49,30000,股
2026-09-02,EXPE US,智遊網集團公司,1.45,26000,股
2026-09-02,COIN US,比特幣基地全球公司,1.43,45000,股
2026-09-02,5274,信驊科技,1.42,14000,股
2026-09-02,2454,聯發科技,1.37,56000,股
2026-09-02,TEM US,TempusAI公司,1.35,120000,股
2026-09-02,2059,川湖科技,1.27,16000,股
2026-09-02,SNOW US,Snowflake公司,1.25,22500,股
2026-09-02,3653,健策精密,1.22,37000,股
2026-09-02,GDX US,VanEck黃金礦業交易所交易基金,1.17,66000,單位
2026-09-02,034020 KS,斗山重工業,1.1,108000,股
2026-09-02,MRVL US,Marvell Technology Inc,1.05,28000,股
2026-09-02,PSX US,菲利普66,1.02,22000,股
2026-09-02,8473 JP,SBI控股公司,0.93,255000,股
2026-09-02,NET US,Cloudflare公司,0.89,18100,股
2026-09-02,STX US,希捷科技控股公開有限公司,0.88,6000,股
2026-09-02,LLY US,禮來公司,0.82,3900,股
2026-09-02,3081,聯亞光電,0.77,40000,股
2026-09-02,MA US,萬事達卡,0.75,7000,股
2026-09-02,MRK US,默克藥廠,0.69,25000,股
2026-09-02,DA_CNH,AFTER DEDUCTING SECURITIES PURCHASES AMOUNT,0.0,1,元
2026-09-02,DA_JPY,AFTER DEDUCTING SECURITIES PURCHASES AMOUNT,0.0,0,元
2026-09-02,DA_KRW,AFTER DEDUCTING SECURITIES PURCHASES AMOUNT,0.0,0,元
2026-09-02,PB_NTD,PAYABLES,-0.06,-9781185,元
2026-09-02,DA_USD,AFTER DEDUCTING SECURITIES PURCHASES AMOUNT,-2.32,-12808373,元
2026-09-03,DA_NTD,AFTER DEDUCTING SECURITIES PURCHASES AMOUNT,7.64,1370852475,元
2026-09-03,PLTR US,帕蘭提爾科技公司,3.95,122000,股
2026-09-03,HOOD US,羅賓漢市場公司,3.73,169000,股
2026-09-03,NVDA US,輝達公司,3.68,91000,股
2026-09-03,LITE US,魯門特姆控股公司,3.38,22500,股
2026-09-03,MU US,美光科技公司,3.36,19800,股
2026-09-03,MSFT US,微軟公司,3.16,35000,股
2026-09-03,2383,台光電子,2.92,99000,股
2026-09-03,3017,奇鋐科技,2.78,151000,股
2026-09-03,SNDK US,晟碟公司（德拉瓦州）,2.76,10000,股
2026-09-03,000660 KS,愛思開海力士公司,2.68,12854,股
2026-09-03,BE US,布魯姆能源公司,2.3,55000,股
2026-09-03,BMNR US,BitMineImmersion技術公司,2.2,468640,股
2026-09-03,SNOW US,Snowflake公司,2.05,32500,股
2026-09-03,009150 KS,三星電機,1.97,11200,股
2026-09-03,NOW US,ServiceNow公司,1.96,76000,股
2026-09-03,DELL US,戴爾科技公司,1.92,21000,股
2026-09-03,TSM US,台灣積體電路製造股份有限公司,1.85,25000,股
2026-09-03,CRM US,賽富時公司,1.83,39000,股
2026-09-03,CRWD US,Crowdstrike控股公司,1.79,47000,股
2026-09-03,CRCL US,Circle網路集團公司,1.77,97000,股
2026-09-03,WPM US,惠頓貴金屬公司,1.75,63000,股
2026-09-03,SPCX US,太空探索科技公司,1.7,64000,股
2026-09-03,5274,信驊科技,1.69,17000,股
2026-09-03,3026,禾伸堂企,1.66,466000,股
2026-09-03,AMZN US,亞馬遜公司,1.65,36000,股
2026-09-03,2454,聯發科技,1.62,67000,股
2026-09-03,600183 CH,廣東生益科技股份有限公司,1.59,420000,股
2026-09-03,8046,南亞電路,1.58,263000,股
2026-09-03,GOOGL US,Alphabet公司,1.58,26000,股
2026-09-03,4062 JP,揖斐電有限公司,1.56,70000,股
2026-09-03,COIN US,比特幣基地全球公司,1.54,45000,股
2026-09-03,3008,大立光電,1.51,38000,股
2026-09-03,ALAB US,Astera實驗室公司,1.5,30000,股
2026-09-03,PANW US,Palo Alto Networks Inc,1.49,25300,股
2026-09-03,3189,景碩科技,1.46,337000,股
2026-09-03,EXPE US,智遊網集團公司,1.4,26000,股
2026-09-03,TEM US,TempusAI公司,1.37,120000,股
2026-09-03,EQT US,EQT公司,1.28,130000,股
2026-09-03,GDX US,VanEck黃金礦業交易所交易基金,1.19,66000,單位
2026-09-03,3653,健策精密,1.16,37000,股
2026-09-03,6274,台燿科技,1.13,151000,股
2026-09-03,034020 KS,斗山重工業,1.12,108000,股
2026-09-03,MRVL US,Marvell Technology Inc,1.04,28000,股
2026-09-03,PSX US,菲利普66,0.99,22000,股
2026-09-03,8473 JP,SBI控股公司,0.94,255000,股
2026-09-03,NET US,Cloudflare公司,0.91,18100,股
2026-09-03,STX US,希捷科技控股公開有限公司,0.85,6000,股
2026-09-03,LLY US,禮來公司,0.8,3900,股
2026-09-03,MA US,萬事達卡,0.73,7000,股
2026-09-03,3081,聯亞光電,0.7,40000,股
2026-09-03,MRK US,默克藥廠,0.68,25000,股
2026-09-03,DA_CNH,AFTER DEDUCTING SECURITIES PURCHASES AMOUNT,0.0,1,元
2026-09-03,DA_JPY,AFTER DEDUCTING SECURITIES PURCHASES AMOUNT,0.0,0,元
2026-09-03,PB_NTD,PAYABLES,-0.04,-6775335,元
2026-09-03,DA_KRW,AFTER DEDUCTING SECURITIES PURCHASES AMOUNT,-0.83,-6360096230,元
2026-09-03,DA_USD,AFTER DEDUCTING SECURITIES PURCHASES AMOUNT,-1.87,-10563233,元
2026-09-04,DA_NTD,AFTER DEDUCTING SECURITIES PURCHASES AMOUNT,4.96,898933140,元
2026-09-04,PLTR US,帕蘭提爾科技公司,4.12,135500,股
2026-09-04,NVDA US,輝達公司,4.06,101000,股
2026-09-04,HOOD US,羅賓漢市場公司,3.99,187000,股
2026-09-04,MU US,美光科技公司,3.51,19800,股
2026-09-04,LITE US,魯門特姆控股公司,3.46,22500,股
2026-09-04,MSFT US,微軟公司,3.05,35000,股
2026-09-04,SNDK US,晟碟公司（德拉瓦州）,3.04,10000,股
2026-09-04,000660 KS,愛思開海力士公司,2.99,14054,股
2026-09-04,3017,奇鋐科技,2.97,151000,股
2026-09-04,BE US,布魯姆能源公司,2.96,67000,股
2026-09-04,009150 KS,三星電機,2.75,15200,股
2026-09-04,2383,台光電子,2.18,73000,股
2026-09-04,BMNR US,BitMineImmersion技術公司,2.04,468640,股
2026-09-04,SPCX US,太空探索科技公司,2.04,79000,股
2026-09-04,WPM US,惠頓貴金屬公司,1.98,73000,股
2026-09-04,285A JP,鎧俠控股公司,1.97,32300,股
2026-09-04,DELL US,戴爾科技公司,1.92,21000,股
2026-09-04,8473 JP,SBI控股公司,1.91,505000,股
2026-09-04,SNOW US,Snowflake公司,1.91,32500,股
2026-09-04,NOW US,ServiceNow公司,1.87,76000,股
2026-09-04,TSM US,台灣積體電路製造股份有限公司,1.87,25000,股
2026-09-04,3026,禾伸堂企,1.8,466000,股
2026-09-04,CRM US,賽富時公司,1.77,39000,股
2026-09-04,CRWD US,Crowdstrike控股公司,1.75,47000,股
2026-09-04,CRCL US,Circle網路集團公司,1.73,97000,股
2026-09-04,5274,信驊科技,1.64,17000,股
2026-09-04,2454,聯發科技,1.63,67000,股
2026-09-04,ALAB US,Astera實驗室公司,1.63,30000,股
2026-09-04,AMZN US,亞馬遜公司,1.63,36000,股
2026-09-04,4062 JP,揖斐電有限公司,1.6,70000,股
2026-09-04,3008,大立光電,1.55,38000,股
2026-09-04,GOOGL US,Alphabet公司,1.54,26000,股
2026-09-04,8046,南亞電路,1.53,263000,股
2026-09-04,3189,景碩科技,1.52,337000,股
2026-09-04,PANW US,Palo Alto Networks Inc,1.47,25300,股
2026-09-04,COIN US,比特幣基地全球公司,1.45,45000,股
2026-09-04,EXPE US,智遊網集團公司,1.35,26000,股
2026-09-04,TEM US,TempusAI公司,1.35,120000,股
2026-09-04,EQT US,EQT公司,1.25,130000,股
2026-09-04,3653,健策精密,1.2,37000,股
2026-09-04,GDX US,VanEck黃金礦業交易所交易基金,1.14,66000,單位
2026-09-04,034020 KS,斗山重工業,1.1,108000,股
2026-09-04,MRVL US,Marvell Technology Inc,1.09,28000,股
2026-09-04,PSX US,菲利普66,0.98,22000,股
2026-09-04,STX US,希捷科技控股公開有限公司,0.89,6000,股
2026-09-04,NET US,Cloudflare公司,0.88,18100,股
2026-09-04,DA_CNH,AFTER DEDUCTING SECURITIES PURCHASES AMOUNT,0.78,29914404,元
2026-09-04,LLY US,禮來公司,0.78,3900,股
2026-09-04,600183 CH,廣東生益科技股份有限公司,0.72,200000,股
2026-09-04,MA US,萬事達卡,0.71,7000,股
2026-09-04,TSLA US,特斯拉公司,0.68,11000,股
2026-09-04,MRK US,默克藥廠,0.66,25000,股
2026-09-04,PB_NTD,PAYABLES,-0.02,-2817480,元
2026-09-04,DA_KRW,AFTER DEDUCTING SECURITIES PURCHASES AMOUNT,-0.98,-7581803445,元
2026-09-04,DA_JPY,AFTER DEDUCTING SECURITIES PURCHASES AMOUNT,-2.9,-2594938831,元
2026-09-04,DA_USD,AFTER DEDUCTING SECURITIES PURCHASES AMOUNT,-2.93,-16796986,元
2026-09-07,DA_NTD,AFTER DEDUCTING SECURITIES PURCHASES AMOUNT,6.85,1257330865,元
2026-09-07,PLTR US,帕蘭提爾科技公司,4.06,135500,股
2026-09-07,NVDA US,輝達公司,4.0,101000,股
2026-09-07,000660 KS,愛思開海力士公司,3.93,17254,股
2026-09-07,HOOD US,羅賓漢市場公司,3.93,187000,股
2026-09-07,MU US,美光科技公司,3.46,19800,股
2026-09-07,LITE US,魯門特姆控股公司,3.41,22500,股
2026-09-07,009150 KS,三星電機,3.25,17500,股
2026-09-07,3017,奇鋐科技,3.22,173000,股
2026-09-07,MSFT US,微軟公司,3.01,35000,股
2026-09-07,SNDK US,晟碟公司（德拉瓦州）,2.99,10000,股
2026-09-07,BE US,布魯姆能源公司,2.91,67000,股
2026-09-07,285A JP,鎧俠控股公司,2.87,43600,股
2026-09-07,2383,台光電子,2.19,73000,股
2026-09-07,BMNR US,BitMineImmersion技術公司,2.01,468640,股
2026-09-07,SPCX US,太空探索科技公司,2.01,79000,股
2026-09-07,3026,禾伸堂企,2.0,475000,股
2026-09-07,WPM US,惠頓貴金屬公司,1.95,73000,股
2026-09-07,DELL US,戴爾科技公司,1.89,21000,股
2026-09-07,8473 JP,SBI控股公司,1.88,505000,股
2026-09-07,SNOW US,Snowflake公司,1.88,32500,股
2026-09-07,NOW US,ServiceNow公司,1.85,76000,股
2026-09-07,TSM US,台灣積體電路製造股份有限公司,1.84,25000,股
2026-09-07,5274,信驊科技,1.78,17000,股
2026-09-07,2454,聯發科技,1.74,67000,股
2026-09-07,CRM US,賽富時公司,1.74,39000,股
2026-09-07,4062 JP,揖斐電有限公司,1.72,70000,股
2026-09-07,CRWD US,Crowdstrike控股公司,1.72,47000,股
2026-09-07,CRCL US,Circle網路集團公司,1.7,97000,股
2026-09-07,ALAB US,Astera實驗室公司,1.6,30000,股
2026-09-07,AMZN US,亞馬遜公司,1.6,36000,股
2026-09-07,GOOGL US,Alphabet公司,1.51,26000,股
2026-09-07,8046,南亞電路,1.5,263000,股
2026-09-07,3189,景碩科技,1.49,337000,股
2026-09-07,PANW US,Palo Alto Networks Inc,1.45,25300,股
2026-09-07,COIN US,比特幣基地全球公司,1.43,45000,股
2026-09-07,EXPE US,智遊網集團公司,1.33,26000,股
2026-09-07,TEM US,TempusAI公司,1.33,120000,股
2026-09-07,EQT US,EQT公司,1.23,130000,股
2026-09-07,034020 KS,斗山重工業,1.21,108000,股
2026-09-07,3653,健策精密,1.14,37000,股
2026-09-07,GDX US,VanEck黃金礦業交易所交易基金,1.13,66000,單位
2026-09-07,MRVL US,Marvell Technology Inc,1.08,28000,股
2026-09-07,PSX US,菲利普66,0.97,22000,股
2026-09-07,3008,大立光電,0.91,25000,股
2026-09-07,STX US,希捷科技控股公開有限公司,0.88,6000,股
2026-09-07,NET US,Cloudflare公司,0.87,18100,股
2026-09-07,DA_CNH,AFTER DEDUCTING SECURITIES PURCHASES AMOUNT,0.77,29914404,元
2026-09-07,LLY US,禮來公司,0.77,3900,股
2026-09-07,600183 CH,廣東生益科技股份有限公司,0.76,200000,股
2026-09-07,MA US,萬事達卡,0.7,7000,股
2026-09-07,TSLA US,特斯拉公司,0.67,11000,股
2026-09-07,MRK US,默克藥廠,0.65,25000,股
2026-09-07,PB_NTD,PAYABLES,-0.04,-6572848,元
2026-09-07,DA_KRW,AFTER DEDUCTING SECURITIES PURCHASES AMOUNT,-2.11,-16469648405,元
2026-09-07,DA_JPY,AFTER DEDUCTING SECURITIES PURCHASES AMOUNT,-2.71,-2457043863,元
2026-09-07,DA_USD,AFTER DEDUCTING SECURITIES PURCHASES AMOUNT,-2.89,-16796986,元
2026-09-08,PLTR US,帕蘭提爾科技公司,4.0,135500,股
2026-09-08,000660 KS,愛思開海力士公司,3.99,17254,股
2026-09-08,NVDA US,輝達公司,3.95,101000,股
2026-09-08,LITE US,魯門特姆控股公司,3.82,22500,股
2026-09-08,BE US,布魯姆能源公司,3.8,79000,股
2026-09-08,HOOD US,羅賓漢市場公司,3.8,187000,股
2026-09-08,MU US,美光科技公司,3.43,19800,股
2026-09-08,3017,奇鋐科技,3.13,173000,股
2026-09-08,009150 KS,三星電機,3.09,17500,股
2026-09-08,285A JP,鎧俠控股公司,3.08,47600,股
2026-09-08,SNDK US,晟碟公司（德拉瓦州）,3.01,10000,股
2026-09-08,MSFT US,微軟公司,3.0,35000,股
2026-09-08,2383,台光電子,2.14,73000,股
2026-09-08,SPCX US,太空探索科技公司,2.1,79000,股
2026-09-08,BMNR US,BitMineImmersion技術公司,2.01,468640,股
2026-09-08,WPM US,惠頓貴金屬公司,1.96,73000,股
2026-09-08,3026,禾伸堂企,1.95,475000,股
2026-09-08,DELL US,戴爾科技公司,1.94,21000,股
2026-09-08,8473 JP,SBI控股公司,1.91,505000,股
2026-09-08,TSM US,台灣積體電路製造股份有限公司,1.9,25000,股
2026-09-08,SNOW US,Snowflake公司,1.89,32500,股
2026-09-08,5274,信驊科技,1.8,17000,股
2026-09-08,NOW US,ServiceNow公司,1.77,76000,股
2026-09-08,2454,聯發科技,1.74,67000,股
2026-09-08,CRWD US,Crowdstrike控股公司,1.71,47000,股
2026-09-08,CRM US,賽富時公司,1.68,39000,股
2026-09-08,034020 KS,斗山重工業,1.65,143000,股
2026-09-08,4062 JP,揖斐電有限公司,1.64,70000,股
2026-09-08,CRCL US,Circle網路集團公司,1.62,97000,股
2026-09-08,AMZN US,亞馬遜公司,1.6,36000,股
2026-09-08,GOOGL US,Alphabet公司,1.52,26000,股
2026-09-08,ALAB US,Astera實驗室公司,1.5,30000,股
2026-09-08,3189,景碩科技,1.48,337000,股
2026-09-08,8046,南亞電路,1.48,263000,股
2026-09-08,PANW US,Palo Alto Networks Inc,1.48,25300,股
2026-09-08,COIN US,比特幣基地全球公司,1.4,45000,股
2026-09-08,TEM US,TempusAI公司,1.34,120000,股
2026-09-08,EQT US,EQT公司,1.24,130000,股
2026-09-08,3653,健策精密,1.13,37000,股
2026-09-08,GDX US,VanEck黃金礦業交易所交易基金,1.13,66000,單位
2026-09-08,MRVL US,Marvell Technology Inc,1.09,28000,股
2026-09-08,DA_USD,AFTER DEDUCTING SECURITIES PURCHASES AMOUNT,1.06,6111282,元
2026-09-08,DA_NTD,AFTER DEDUCTING SECURITIES PURCHASES AMOUNT,1.05,191830081,元
2026-09-08,PSX US,菲利普66,0.99,22000,股
2026-09-08,6510,中華精測,0.94,47000,股
2026-09-08,STX US,希捷科技控股公開有限公司,0.94,6000,股
2026-09-08,600183 CH,廣東生益科技股份有限公司,0.76,200000,股
2026-09-08,LLY US,禮來公司,0.76,3900,股
2026-09-08,TSLA US,特斯拉公司,0.7,11000,股
2026-09-08,2360,致茂電子,0.65,52000,股
2026-09-08,MRK US,默克藥廠,0.64,25000,股
2026-09-08,NET US,Cloudflare公司,0.15,3100,股
2026-09-08,DA_CNH,AFTER DEDUCTING SECURITIES PURCHASES AMOUNT,0.0,0,元
2026-09-08,PB_NTD,PAYABLES,0.0,0,元
2026-09-08,DA_JPY,AFTER DEDUCTING SECURITIES PURCHASES AMOUNT,-1.02,-906648425,元
2026-09-08,DA_KRW,AFTER DEDUCTING SECURITIES PURCHASES AMOUNT,-1.56,-12123053258,元
2026-09-09,000660 KS,愛思開海力士公司,4.15,17254,股
2026-09-09,PLTR US,帕蘭提爾科技公司,3.98,135500,股
2026-09-09,NVDA US,輝達公司,3.91,101000,股
2026-09-09,LITE US,魯門特姆控股公司,3.85,22500,股
2026-09-09,HOOD US,羅賓漢市場公司,3.73,187000,股
2026-09-09,BE US,布魯姆能源公司,3.68,79000,股
2026-09-09,MU US,美光科技公司,3.52,19800,股
2026-09-09,3017,奇鋐科技,3.22,173000,股
2026-09-09,009150 KS,三星電機,3.18,17500,股
2026-09-09,8046,南亞電路,3.1,507000,股
2026-09-09,285A JP,鎧俠控股公司,3.07,47600,股
2026-09-09,SNDK US,晟碟公司（德拉瓦州）,3.05,10000,股
2026-09-09,MSFT US,微軟公司,2.98,35000,股
2026-09-09,DA_USD,AFTER DEDUCTING SECURITIES PURCHASES AMOUNT,2.39,13794605,元
2026-09-09,2383,台光電子,2.16,73000,股
2026-09-09,SPCX US,太空探索科技公司,2.02,79000,股
2026-09-09,3026,禾伸堂企,1.98,475000,股
2026-09-09,WPM US,惠頓貴金屬公司,1.98,73000,股
2026-09-09,BMNR US,BitMineImmersion技術公司,1.96,468640,股
2026-09-09,DELL US,戴爾科技公司,1.95,21000,股
2026-09-09,5274,信驊科技,1.94,19000,股
2026-09-09,TSM US,台灣積體電路製造股份有限公司,1.88,25000,股
2026-09-09,SNOW US,Snowflake公司,1.86,32500,股
2026-09-09,6510,中華精測,1.85,93000,股
2026-09-09,8473 JP,SBI控股公司,1.84,505000,股
2026-09-09,034020 KS,斗山重工業,1.7,143000,股
2026-09-09,2454,聯發科技,1.7,67000,股
2026-09-09,4062 JP,揖斐電有限公司,1.7,70000,股
2026-09-09,CRWD US,Crowdstrike控股公司,1.69,47000,股
2026-09-09,AMZN US,亞馬遜公司,1.57,36000,股
2026-09-09,CRCL US,Circle網路集團公司,1.56,97000,股
2026-09-09,3189,景碩科技,1.51,337000,股
2026-09-09,GOOGL US,Alphabet公司,1.49,26000,股
2026-09-09,PANW US,Palo Alto Networks Inc,1.47,25300,股
2026-09-09,COIN US,比特幣基地全球公司,1.36,45000,股
2026-09-09,TEM US,TempusAI公司,1.27,120000,股
2026-09-09,2360,致茂電子,1.23,96000,股
2026-09-09,EQT US,EQT公司,1.23,130000,股
2026-09-09,3653,健策精密,1.17,37000,股
2026-09-09,GDX US,VanEck黃金礦業交易所交易基金,1.14,66000,單位
2026-09-09,MRVL US,Marvell Technology Inc,1.14,28000,股
2026-09-09,PSX US,菲利普66,0.99,22000,股
2026-09-09,STX US,希捷科技控股公開有限公司,0.92,6000,股
2026-09-09,CRM US,賽富時公司,0.85,20000,股
2026-09-09,ALAB US,Astera實驗室公司,0.78,15000,股
2026-09-09,600183 CH,廣東生益科技股份有限公司,0.77,200000,股
2026-09-09,TSLA US,特斯拉公司,0.7,11000,股
2026-09-09,NOW US,ServiceNow公司,0.59,26000,股
2026-09-09,COHR US,連貫公司,0.53,10000,股
2026-09-09,AEHR US,愛赫測試系統,0.46,28000,股
2026-09-09,AXTI US,AXT公司,0.43,36000,股
2026-09-09,NET US,Cloudflare公司,0.17,3100,股
2026-09-09,MRK US,默克藥廠,0.13,5000,股
2026-09-09,DA_CNH,AFTER DEDUCTING SECURITIES PURCHASES AMOUNT,0.0,0,元
2026-09-09,PB_NTD,PAYABLES,-0.01,-1655652,元
2026-09-09,DA_JPY,AFTER DEDUCTING SECURITIES PURCHASES AMOUNT,-0.27,-241961005,元
2026-09-09,DA_KRW,AFTER DEDUCTING SECURITIES PURCHASES AMOUNT,-0.42,-3235208298,元
2026-09-09,DA_NTD,AFTER DEDUCTING SECURITIES PURCHASES AMOUNT,-3.66,-664787927,元
2026-09-10,000660 KS,愛思開海力士公司,4.22,17254,股
2026-09-10,PLTR US,帕蘭提爾科技公司,3.98,135500,股
2026-09-10,LITE US,魯門特姆控股公司,3.97,24000,股
2026-09-10,NVDA US,輝達公司,3.9,101000,股
2026-09-10,HOOD US,羅賓漢市場公司,3.75,187000,股
2026-09-10,BE US,布魯姆能源公司,3.61,79000,股
2026-09-10,MU US,美光科技公司,3.42,19800,股
2026-09-10,3017,奇鋐科技,3.36,173000,股
2026-09-10,8046,南亞電路,3.31,551000,股
2026-09-10,009150 KS,三星電機,3.23,17500,股
2026-09-10,285A JP,鎧俠控股公司,3.19,47600,股
2026-09-10,MSFT US,微軟公司,3.05,35000,股
2026-09-10,SNDK US,晟碟公司（德拉瓦州）,2.99,10000,股
2026-09-10,DA_USD,AFTER DEDUCTING SECURITIES PURCHASES AMOUNT,2.49,14082163,元
2026-09-10,2454,聯發科技,2.22,84000,股
2026-09-10,2383,台光電子,2.2,73000,股
2026-09-10,5274,信驊科技,2.2,21000,股
2026-09-10,3026,禾伸堂企,2.14,475000,股
2026-09-10,SPCX US,太空探索科技公司,2.07,79000,股
2026-09-10,BMNR US,BitMineImmersion技術公司,2.01,468640,股
2026-09-10,WPM US,惠頓貴金屬公司,1.95,73000,股
2026-09-10,6510,中華精測,1.91,93000,股
2026-09-10,SNOW US,Snowflake公司,1.9,32500,股
2026-09-10,TSM US,台灣積體電路製造股份有限公司,1.89,25000,股
2026-09-10,DELL US,戴爾科技公司,1.88,21000,股
2026-09-10,CRWD US,Crowdstrike控股公司,1.74,47000,股
2026-09-10,034020 KS,斗山重工業,1.7,143000,股
2026-09-10,4062 JP,揖斐電有限公司,1.67,70000,股
2026-09-10,AMZN US,亞馬遜公司,1.6,36000,股
2026-09-10,3189,景碩科技,1.56,337000,股
2026-09-10,CRCL US,Circle網路集團公司,1.55,97000,股
2026-09-10,PANW US,Palo Alto Networks Inc,1.52,25300,股
2026-09-10,2360,致茂電子,1.43,117000,股
2026-09-10,COIN US,比特幣基地全球公司,1.37,45000,股
2026-09-10,EQT US,EQT公司,1.26,130000,股
2026-09-10,3653,健策精密,1.2,37000,股
2026-09-10,8473 JP,SBI控股公司,1.16,305000,股
2026-09-10,GDX US,VanEck黃金礦業交易所交易基金,1.12,66000,單位
2026-09-10,MRVL US,Marvell Technology Inc,1.12,28000,股
2026-09-10,PSX US,菲利普66,1.01,22000,股
2026-09-10,STX US,希捷科技控股公開有限公司,0.92,6000,股
2026-09-10,600183 CH,廣東生益科技股份有限公司,0.78,200000,股
2026-09-10,ALAB US,Astera實驗室公司,0.76,15000,股
2026-09-10,TSLA US,特斯拉公司,0.71,11000,股
2026-09-10,TEM US,TempusAI公司,0.62,60000,股
2026-09-10,NOW US,ServiceNow公司,0.6,26000,股
2026-09-10,COHR US,連貫公司,0.52,10000,股
2026-09-10,AEHR US,愛赫測試系統,0.47,28000,股
2026-09-10,AXTI US,AXT公司,0.41,36000,股
2026-09-10,NET US,Cloudflare公司,0.17,3100,股
2026-09-10,MRK US,默克藥廠,0.13,5000,股
2026-09-10,DA_CNH,AFTER DEDUCTING SECURITIES PURCHASES AMOUNT,0.0,0,元
2026-09-10,DA_JPY,AFTER DEDUCTING SECURITIES PURCHASES AMOUNT,0.0,0,元
2026-09-10,DA_KRW,AFTER DEDUCTING SECURITIES PURCHASES AMOUNT,0.0,0,元
2026-09-10,PB_NTD,PAYABLES,0.0,0,元
2026-09-10,PFUR_NTD,PAYABLES FOR UNITS REDEEMED,-0.76,-135855076,元
2026-09-10,DA_NTD,AFTER DEDUCTING SECURITIES PURCHASES AMOUNT,-0.93,-165133565,元
2026-09-11,000660 KS,愛思開海力士公司,4.14,17254,股
2026-09-11,PLTR US,帕蘭提爾科技公司,4.03,135500,股
2026-09-11,LITE US,魯門特姆控股公司,3.96,24000,股
2026-09-11,NVDA US,輝達公司,3.93,101000,股
2026-09-11,BE US,布魯姆能源公司,3.88,79000,股
2026-09-11,HOOD US,羅賓漢市場公司,3.75,187000,股
2026-09-11,MU US,美光科技公司,3.44,19800,股
2026-09-11,8046,南亞電路,3.35,551000,股
2026-09-11,DA_USD,AFTER DEDUCTING SECURITIES PURCHASES AMOUNT,3.29,18454098,元
2026-09-11,3017,奇鋐科技,3.28,173000,股
2026-09-11,009150 KS,三星電機,3.24,17500,股
2026-09-11,MSFT US,微軟公司,3.09,35000,股
2026-09-11,SNDK US,晟碟公司（德拉瓦州）,2.91,10000,股
2026-09-11,SPCX US,太空探索科技公司,2.53,94000,股
2026-09-11,3026,禾伸堂企,2.24,535000,股
2026-09-11,2383,台光電子,2.2,73000,股
2026-09-11,2454,聯發科技,2.17,84000,股
2026-09-11,DELL US,戴爾科技公司,2.12,21000,股
2026-09-11,5274,信驊科技,2.11,21000,股
2026-09-11,BMNR US,BitMineImmersion技術公司,2.09,468640,股
2026-09-11,WPM US,惠頓貴金屬公司,2.0,73000,股
2026-09-11,TSM US,台灣積體電路製造股份有限公司,1.93,25000,股
2026-09-11,285A JP,鎧俠控股公司,1.91,30600,股
2026-09-11,SNOW US,Snowflake公司,1.9,32500,股
2026-09-11,6510,中華精測,1.82,93000,股
2026-09-11,CRWD US,Crowdstrike控股公司,1.73,47000,股
2026-09-11,034020 KS,斗山重工業,1.72,143000,股
2026-09-11,AMZN US,亞馬遜公司,1.65,36000,股
2026-09-11,3189,景碩科技,1.56,337000,股
2026-09-11,CRCL US,Circle網路集團公司,1.56,97000,股
2026-09-11,PANW US,Palo Alto Networks Inc,1.49,25300,股
2026-09-11,3653,健策精密,1.46,45000,股
2026-09-11,2360,致茂電子,1.42,117000,股
2026-09-11,COIN US,比特幣基地全球公司,1.4,45000,股
2026-09-11,EQT US,EQT公司,1.25,130000,股
2026-09-11,MRVL US,Marvell Technology Inc,1.18,28000,股
2026-09-11,8473 JP,SBI控股公司,1.15,305000,股
2026-09-11,GDX US,VanEck黃金礦業交易所交易基金,1.14,66000,單位
2026-09-11,4062 JP,揖斐電有限公司,1.13,50000,股
2026-09-11,PSX US,菲利普66,1.02,22000,股
2026-09-11,COHR US,連貫公司,1.0,18300,股
2026-09-11,STX US,希捷科技控股公開有限公司,0.89,6000,股
2026-09-11,AXTI US,AXT公司,0.85,74000,股
2026-09-11,600183 CH,廣東生益科技股份有限公司,0.79,200000,股
2026-09-11,ALAB US,Astera實驗室公司,0.78,15000,股
2026-09-11,TSLA US,特斯拉公司,0.72,11000,股
2026-09-11,NOW US,ServiceNow公司,0.61,26000,股
2026-09-11,AEHR US,愛赫測試系統,0.47,28000,股
2026-09-11,NET US,Cloudflare公司,0.17,3100,股
2026-09-11,MRK US,默克藥廠,0.13,5000,股
2026-09-11,DA_CNH,AFTER DEDUCTING SECURITIES PURCHASES AMOUNT,0.0,0,元
2026-09-11,DA_JPY,AFTER DEDUCTING SECURITIES PURCHASES AMOUNT,0.0,0,元
2026-09-11,DA_KRW,AFTER DEDUCTING SECURITIES PURCHASES AMOUNT,0.0,0,元
2026-09-11,DA_NTD,AFTER DEDUCTING SECURITIES PURCHASES AMOUNT,-0.5,-89152089,元
2026-09-11,PFUR_NTD,PAYABLES FOR UNITS REDEEMED,-0.93,-164915644,元
2026-09-14,PLTR US,帕蘭提爾科技公司,4.3,135500,股
2026-09-14,000660 KS,愛思開海力士公司,3.98,17254,股
2026-09-14,HOOD US,羅賓漢市場公司,3.91,187000,股
2026-09-14,BE US,布魯姆能源公司,3.71,79000,股
2026-09-14,LITE US,魯門特姆控股公司,3.67,24000,股
2026-09-14,8046,南亞電路,3.35,551000,股
2026-09-14,MU US,美光科技公司,3.35,19800,股
2026-09-14,3017,奇鋐科技,3.3,173000,股
2026-09-14,MSFT US,微軟公司,3.24,35000,股
2026-09-14,NVDA US,輝達公司,3.09,80000,股
2026-09-14,SNDK US,晟碟公司（德拉瓦州）,2.84,10000,股
2026-09-14,SPCX US,太空探索科技公司,2.55,94000,股
2026-09-14,DA_USD,AFTER DEDUCTING SECURITIES PURCHASES AMOUNT,2.51,13712094,元
2026-09-14,CRWD US,Crowdstrike控股公司,2.37,55000,股
2026-09-14,2383,台光電子,2.25,73000,股
2026-09-14,3026,禾伸堂企,2.25,535000,股
2026-09-14,2454,聯發科技,2.21,84000,股
2026-09-14,BMNR US,BitMineImmersion技術公司,2.21,468640,股
2026-09-14,5274,信驊科技,2.17,21000,股
2026-09-14,3653,健策精密,2.14,64000,股
2026-09-14,DELL US,戴爾科技公司,2.05,21000,股
2026-09-14,WPM US,惠頓貴金屬公司,2.0,73000,股
2026-09-14,SNOW US,Snowflake公司,1.98,32500,股
2026-09-14,TSM US,台灣積體電路製造股份有限公司,1.91,25000,股
2026-09-14,009150 KS,三星電機,1.87,10300,股
2026-09-14,285A JP,鎧俠控股公司,1.83,30600,股
2026-09-14,6510,中華精測,1.81,93000,股
2026-09-14,CRCL US,Circle網路集團公司,1.73,97000,股
2026-09-14,PANW US,Palo Alto Networks Inc,1.73,25300,股
2026-09-14,034020 KS,斗山重工業,1.69,143000,股
2026-09-14,AMZN US,亞馬遜公司,1.67,36000,股
2026-09-14,PSX US,菲利普66,1.6,34000,股
2026-09-14,COIN US,比特幣基地全球公司,1.58,45000,股
2026-09-14,3189,景碩科技,1.55,337000,股
2026-09-14,2360,致茂電子,1.44,117000,股
2026-09-14,EQT US,EQT公司,1.27,130000,股
2026-09-14,600183 CH,廣東生益科技股份有限公司,1.26,316000,股
2026-09-14,8473 JP,SBI控股公司,1.2,305000,股
2026-09-14,4062 JP,揖斐電有限公司,1.13,50000,股
2026-09-14,MRVL US,Marvell Technology Inc,1.12,28000,股
2026-09-14,COHR US,連貫公司,0.89,18300,股
2026-09-14,STX US,希捷科技控股公開有限公司,0.88,6000,股
2026-09-14,INTC US,英特爾,0.8,45000,股
2026-09-14,AXTI US,AXT公司,0.77,74000,股
2026-09-14,TSLA US,特斯拉公司,0.72,11000,股
2026-09-14,ALAB US,Astera實驗室公司,0.71,15000,股
2026-09-14,NOW US,ServiceNow公司,0.68,26000,股
2026-09-14,AEHR US,愛赫測試系統,0.43,28000,股
2026-09-14,NET US,Cloudflare公司,0.19,3100,股
2026-09-14,MRK US,默克藥廠,0.13,5000,股
2026-09-14,DA_JPY,AFTER DEDUCTING SECURITIES PURCHASES AMOUNT,0.0,0,元
2026-09-14,DA_KRW,AFTER DEDUCTING SECURITIES PURCHASES AMOUNT,0.0,0,元
2026-09-14,DA_CNH,AFTER DEDUCTING SECURITIES PURCHASES AMOUNT,-0.46,-17001182,元
2026-09-14,DA_NTD,AFTER DEDUCTING SECURITIES PURCHASES AMOUNT,-0.58,-100782461,元
2026-09-14,PFUR_NTD,PAYABLES FOR UNITS REDEEMED,-1.72,-298476484,元
2026-09-15,PLTR US,帕蘭提爾科技公司,4.39,135500,股
2026-09-15,000660 KS,愛思開海力士公司,4.03,17254,股
2026-09-15,HOOD US,羅賓漢市場公司,3.88,187000,股
2026-09-15,BE US,布魯姆能源公司,3.85,79000,股
2026-09-15,LITE US,魯門特姆控股公司,3.78,24000,股
2026-09-15,8046,南亞電路,3.53,551000,股
2026-09-15,MU US,美光科技公司,3.45,19800,股
2026-09-15,MSFT US,微軟公司,3.27,35000,股
2026-09-15,DA_USD,AFTER DEDUCTING SECURITIES PURCHASES AMOUNT,3.2,17049109,元
2026-09-15,NVDA US,輝達公司,3.19,80000,股
2026-09-15,3017,奇鋐科技,3.18,173000,股
2026-09-15,SNDK US,晟碟公司（德拉瓦州）,2.88,10000,股
2026-09-15,SPCX US,太空探索科技公司,2.53,94000,股
2026-09-15,CRWD US,Crowdstrike控股公司,2.51,55000,股
2026-09-15,3026,禾伸堂企,2.29,535000,股
2026-09-15,2383,台光電子,2.2,73000,股
2026-09-15,2454,聯發科技,2.19,84000,股
2026-09-15,5274,信驊科技,2.17,21000,股
2026-09-15,DELL US,戴爾科技公司,2.15,21000,股
2026-09-15,BMNR US,BitMineImmersion技術公司,2.08,468640,股
2026-09-15,3653,健策精密,2.0,64000,股
2026-09-15,SNOW US,Snowflake公司,1.97,32500,股
2026-09-15,TSM US,台灣積體電路製造股份有限公司,1.94,25000,股
2026-09-15,285A JP,鎧俠控股公司,1.92,30600,股
2026-09-15,009150 KS,三星電機,1.88,10300,股
2026-09-15,6510,中華精測,1.79,93000,股
2026-09-15,PANW US,Palo Alto Networks Inc,1.78,25300,股
2026-09-15,034020 KS,斗山重工業,1.7,143000,股
2026-09-15,PSX US,菲利普66,1.69,34000,股
2026-09-15,AMZN US,亞馬遜公司,1.68,36000,股
2026-09-15,600183 CH,廣東生益科技股份有限公司,1.62,386000,股
2026-09-15,3189,景碩科技,1.58,337000,股
2026-09-15,CRCL US,Circle網路集團公司,1.57,97000,股
2026-09-15,COIN US,比特幣基地全球公司,1.46,45000,股
2026-09-15,2360,致茂電子,1.44,117000,股
2026-09-15,WPM US,惠頓貴金屬公司,1.41,50000,股
2026-09-15,8473 JP,SBI控股公司,1.21,305000,股
2026-09-15,MRVL US,Marvell Technology Inc,1.17,28000,股
2026-09-15,4062 JP,揖斐電有限公司,1.16,50000,股
2026-09-15,301377 CH,廣東鼎泰高科技術股份有限公司,1.01,90000,股
2026-09-15,GOOGL US,Alphabet公司,0.97,15000,股
2026-09-15,COHR US,連貫公司,0.93,18300,股
2026-09-15,STX US,希捷科技控股公開有限公司,0.87,6000,股
2026-09-15,INTC US,英特爾,0.82,45000,股
2026-09-15,NET US,Cloudflare公司,0.81,13100,股
2026-09-15,AXTI US,AXT公司,0.8,74000,股
2026-09-15,TSLA US,特斯拉公司,0.74,11000,股
2026-09-15,NOW US,ServiceNow公司,0.69,26000,股
2026-09-15,AEHR US,愛赫測試系統,0.43,28000,股
2026-09-15,6098 JP,瑞可利控股有限公司,0.41,20000,股
2026-09-15,DA_NTD,AFTER DEDUCTING SECURITIES PURCHASES AMOUNT,0.29,49217539,元
2026-09-15,MRK US,默克藥廠,0.14,5000,股
2026-09-15,DA_KRW,AFTER DEDUCTING SECURITIES PURCHASES AMOUNT,0.0,0,元
2026-09-15,DA_JPY,AFTER DEDUCTING SECURITIES PURCHASES AMOUNT,-0.41,-335583404,元
2026-09-15,DA_CNH,AFTER DEDUCTING SECURITIES PURCHASES AMOUNT,-1.31,-46890970,元
2026-09-15,PFUR_NTD,PAYABLES FOR UNITS REDEEMED,-2.9,-491595094,元
2026-09-16,PLTR US,帕蘭提爾科技公司,4.39,135500,股
2026-09-16,000660 KS,愛思開海力士公司,4.13,17254,股
2026-09-16,LITE US,魯門特姆控股公司,4.1,24000,股
2026-09-16,BE US,布魯姆能源公司,3.96,79000,股
2026-09-16,DA_USD,AFTER DEDUCTING SECURITIES PURCHASES AMOUNT,3.72,19993156,元
2026-09-16,HOOD US,羅賓漢市場公司,3.63,187000,股
2026-09-16,8046,南亞電路,3.56,551000,股
2026-09-16,MU US,美光科技公司,3.41,19800,股
2026-09-16,3017,奇鋐科技,3.21,173000,股
2026-09-16,MSFT US,微軟公司,3.19,35000,股
2026-09-16,NVDA US,輝達公司,3.18,80000,股
2026-09-16,SNDK US,晟碟公司（德拉瓦州）,2.83,10000,股
2026-09-16,3026,禾伸堂企,2.71,600000,股
2026-09-16,2454,聯發科技,2.67,101000,股
2026-09-16,5274,信驊科技,2.67,25000,股
2026-09-16,SPCX US,太空探索科技公司,2.64,94000,股
2026-09-16,CRWD US,Crowdstrike控股公司,2.47,55000,股
2026-09-16,DELL US,戴爾科技公司,2.2,21000,股
2026-09-16,2383,台光電子,2.17,73000,股
2026-09-16,600183 CH,廣東生益科技股份有限公司,2.12,496000,股
2026-09-16,SNOW US,Snowflake公司,2.0,32500,股
2026-09-16,INTC US,英特爾,1.97,105000,股
2026-09-16,3653,健策精密,1.96,64000,股
2026-09-16,TSM US,台灣積體電路製造股份有限公司,1.94,25000,股
2026-09-16,009150 KS,三星電機,1.93,10300,股
2026-09-16,285A JP,鎧俠控股公司,1.86,30600,股
2026-09-16,PANW US,Palo Alto Networks Inc,1.77,25300,股
2026-09-16,6510,中華精測,1.76,93000,股
2026-09-16,PSX US,菲利普66,1.67,34000,股
2026-09-16,AMZN US,亞馬遜公司,1.65,36000,股
2026-09-16,3189,景碩科技,1.62,337000,股
2026-09-16,301377 CH,廣東鼎泰高科技術股份有限公司,1.49,131300,股
2026-09-16,6981 JP,村田製作所有限公司,1.46,160000,股
2026-09-16,2360,致茂電子,1.43,117000,股
2026-09-16,WPM US,惠頓貴金屬公司,1.36,50000,股
2026-09-16,BMNR US,BitMineImmersion技術公司,1.22,288640,股
2026-09-16,MRVL US,Marvell Technology Inc,1.2,28000,股
2026-09-16,AXTI US,AXT公司,1.17,98000,股
2026-09-16,4062 JP,揖斐電有限公司,1.14,50000,股
2026-09-16,COHR US,連貫公司,0.99,18300,股
2026-09-16,GOOGL US,Alphabet公司,0.96,15000,股
2026-09-16,STX US,希捷科技控股公開有限公司,0.87,6000,股
2026-09-16,NET US,Cloudflare公司,0.79,13100,股
2026-09-16,TSLA US,特斯拉公司,0.73,11000,股
2026-09-16,NOW US,ServiceNow公司,0.68,26000,股
2026-09-16,AMD US,超微半導體公司,0.48,5000,股
2026-09-16,AEHR US,愛赫測試系統,0.44,28000,股
2026-09-16,6098 JP,瑞可利控股有限公司,0.41,20000,股
2026-09-16,CRCL US,Circle網路集團公司,0.3,20000,股
2026-09-16,NTRA US,那提拉公司,0.19,3000,股
2026-09-16,MRK US,默克藥廠,0.14,5000,股
2026-09-16,DA_KRW,AFTER DEDUCTING SECURITIES PURCHASES AMOUNT,0.0,0,元
2026-09-16,PB_NTD,PAYABLES,-0.01,-2482025,元
2026-09-16,DA_NTD,AFTER DEDUCTING SECURITIES PURCHASES AMOUNT,-0.74,-125806499,元
2026-09-16,DA_CNH,AFTER DEDUCTING SECURITIES PURCHASES AMOUNT,-0.94,-33928863,元
2026-09-16,DA_JPY,AFTER DEDUCTING SECURITIES PURCHASES AMOUNT,-1.86,-1553162210,元
2026-09-16,PFUR_NTD,PAYABLES FOR UNITS REDEEMED,-3.04,-520120912,元
2026-09-17,PLTR US,帕蘭提爾科技公司,4.44,135500,股
2026-09-17,BE US,布魯姆能源公司,4.43,85000,股
2026-09-17,000660 KS,愛思開海力士公司,4.04,17254,股
2026-09-17,LITE US,魯門特姆控股公司,3.98,24000,股
2026-09-17,HOOD US,羅賓漢市場公司,3.81,187000,股
2026-09-17,MU US,美光科技公司,3.59,19800,股
2026-09-17,8046,南亞電路,3.42,551000,股
2026-09-17,NVDA US,輝達公司,3.26,80000,股
2026-09-17,MSFT US,微軟公司,3.24,35000,股
2026-09-17,3017,奇鋐科技,3.21,173000,股
2026-09-17,SNDK US,晟碟公司（德拉瓦州）,3.0,10000,股
2026-09-17,3026,禾伸堂企,2.92,659000,股
2026-09-17,2454,聯發科技,2.91,111000,股
2026-09-17,SPCX US,太空探索科技公司,2.7,94000,股
2026-09-17,5274,信驊科技,2.66,25000,股
2026-09-17,DA_USD,AFTER DEDUCTING SECURITIES PURCHASES AMOUNT,2.55,13710906,元
2026-09-17,CRWD US,Crowdstrike控股公司,2.51,55000,股
2026-09-17,INTC US,英特爾,2.43,120000,股
2026-09-17,DELL US,戴爾科技公司,2.3,21000,股
2026-09-17,3653,健策精密,2.15,69000,股
2026-09-17,SNOW US,Snowflake公司,2.04,32500,股
2026-09-17,600183 CH,廣東生益科技股份有限公司,2.01,496000,股
2026-09-17,TSM US,台灣積體電路製造股份有限公司,2.0,25000,股
2026-09-17,009150 KS,三星電機,1.84,10300,股
2026-09-17,PANW US,Palo Alto Networks Inc,1.76,25300,股
2026-09-17,6510,中華精測,1.73,93000,股
2026-09-17,PSX US,菲利普66,1.73,34000,股
2026-09-17,AMZN US,亞馬遜公司,1.68,36000,股
2026-09-17,2383,台光電子,1.61,59000,股
2026-09-17,3189,景碩科技,1.58,337000,股
2026-09-17,301377 CH,廣東鼎泰高科技術股份有限公司,1.45,131300,股
2026-09-17,2360,致茂電子,1.42,117000,股
2026-09-17,6981 JP,村田製作所有限公司,1.42,160000,股
2026-09-17,WPM US,惠頓貴金屬公司,1.41,50000,股
2026-09-17,BMNR US,BitMineImmersion技術公司,1.28,288640,股
2026-09-17,MRVL US,Marvell Technology Inc,1.25,28000,股
2026-09-17,AXTI US,AXT公司,1.23,98000,股
2026-09-17,NET US,Cloudflare公司,1.12,18100,股
2026-09-17,COHR US,連貫公司,1.01,18300,股
2026-09-17,GOOGL US,Alphabet公司,0.97,15000,股
2026-09-17,STX US,希捷科技控股公開有限公司,0.9,6000,股
2026-09-17,6098 JP,瑞可利控股有限公司,0.85,41000,股
2026-09-17,AEHR US,愛赫測試系統,0.76,45000,股
2026-09-17,TSLA US,特斯拉公司,0.75,11000,股
2026-09-17,NOW US,ServiceNow公司,0.67,26000,股
2026-09-17,AMD US,超微半導體公司,0.51,5000,股
2026-09-17,CRCL US,Circle網路集團公司,0.32,20000,股
2026-09-17,NTRA US,那提拉公司,0.2,3000,股
2026-09-17,NBIS US,尼比厄斯集團公眾有限公司,0.18,4500,股
2026-09-17,CRM US,賽富時公司,0.17,3800,股
2026-09-17,MRK US,默克藥廠,0.14,5000,股
2026-09-17,DA_NTD,AFTER DEDUCTING SECURITIES PURCHASES AMOUNT,0.12,19766846,元
2026-09-17,DA_CNH,AFTER DEDUCTING SECURITIES PURCHASES AMOUNT,0.0,0,元
2026-09-17,DA_KRW,AFTER DEDUCTING SECURITIES PURCHASES AMOUNT,0.0,0,元
2026-09-17,PB_NTD,PAYABLES,0.0,0,元
2026-09-17,DA_JPY,AFTER DEDUCTING SECURITIES PURCHASES AMOUNT,-1.89,-1584724890,元
2026-09-17,PFUR_NTD,PAYABLES FOR UNITS REDEEMED,-3.78,-649900084,元
2026-09-18,PLTR US,帕蘭提爾科技公司,4.38,135500,股
2026-09-18,LITE US,魯門特姆控股公司,4.32,25500,股
2026-09-18,000660 KS,愛思開海力士公司,4.22,17254,股
2026-09-18,BE US,布魯姆能源公司,4.11,85000,股
2026-09-18,HOOD US,羅賓漢市場公司,4.08,187000,股
2026-09-18,MU US,美光科技公司,3.66,19800,股
2026-09-18,8046,南亞電路,3.47,551000,股
2026-09-18,3017,奇鋐科技,3.4,173000,股
2026-09-18,SNDK US,晟碟公司（德拉瓦州）,3.26,10000,股
2026-09-18,NVDA US,輝達公司,3.24,80000,股
2026-09-18,5274,信驊科技,3.2,29000,股
2026-09-18,MSFT US,微軟公司,3.15,35000,股
2026-09-18,3026,禾伸堂企,3.01,659000,股
2026-09-18,2454,聯發科技,2.99,111000,股
2026-09-18,SPCX US,太空探索科技公司,2.61,94000,股
2026-09-18,CRWD US,Crowdstrike控股公司,2.38,55000,股
2026-09-18,INTC US,英特爾,2.37,120000,股
2026-09-18,3653,健策精密,2.18,69000,股
2026-09-18,DELL US,戴爾科技公司,2.17,21000,股
2026-09-18,TSM US,台灣積體電路製造股份有限公司,1.98,25000,股
2026-09-18,SNOW US,Snowflake公司,1.97,32500,股
2026-09-18,600183 CH,廣東生益科技股份有限公司,1.94,496000,股
2026-09-18,009150 KS,三星電機,1.88,10300,股
2026-09-18,6510,中華精測,1.87,93000,股
2026-09-18,PSX US,菲利普66,1.69,34000,股
2026-09-18,PANW US,Palo Alto Networks Inc,1.68,25300,股
2026-09-18,AMZN US,亞馬遜公司,1.66,36000,股
2026-09-18,2383,台光電子,1.65,59000,股
2026-09-18,3189,景碩科技,1.61,337000,股
2026-09-18,2360,致茂電子,1.53,117000,股
2026-09-18,301377 CH,廣東鼎泰高科技術股份有限公司,1.46,131300,股
2026-09-18,6981 JP,村田製作所有限公司,1.44,160000,股
2026-09-18,WPM US,惠頓貴金屬公司,1.38,50000,股
2026-09-18,BMNR US,BitMineImmersion技術公司,1.37,288640,股
2026-09-18,AMD US,超微半導體公司,1.33,13000,股
2026-09-18,AXTI US,AXT公司,1.25,98000,股
2026-09-18,MRVL US,Marvell Technology Inc,1.25,28000,股
2026-09-18,NET US,Cloudflare公司,1.07,18100,股
2026-09-18,COHR US,連貫公司,1.06,18300,股
2026-09-18,DA_USD,AFTER DEDUCTING SECURITIES PURCHASES AMOUNT,0.96,5285365,元
2026-09-18,GOOGL US,Alphabet公司,0.96,15000,股
2026-09-18,STX US,希捷科技控股公開有限公司,0.94,6000,股
2026-09-18,6098 JP,瑞可利控股有限公司,0.82,41000,股
2026-09-18,AEHR US,愛赫測試系統,0.77,45000,股
2026-09-18,NTRA US,那提拉公司,0.74,11000,股
2026-09-18,TSLA US,特斯拉公司,0.73,11000,股
2026-09-18,NOW US,ServiceNow公司,0.64,26000,股
2026-09-18,CRCL US,Circle網路集團公司,0.33,20000,股
2026-09-18,NBIS US,尼比厄斯集團公眾有限公司,0.18,4500,股
2026-09-18,CRM US,賽富時公司,0.17,3800,股
2026-09-18,DA_NTD,AFTER DEDUCTING SECURITIES PURCHASES AMOUNT,0.15,26707350,元
2026-09-18,MRK US,默克藥廠,0.13,5000,股
2026-09-18,DA_CNH,AFTER DEDUCTING SECURITIES PURCHASES AMOUNT,0.0,0,元
2026-09-18,DA_KRW,AFTER DEDUCTING SECURITIES PURCHASES AMOUNT,0.0,0,元
2026-09-18,DA_JPY,AFTER DEDUCTING SECURITIES PURCHASES AMOUNT,-0.42,-367146084,元
2026-09-18,PFUR_NTD,PAYABLES FOR UNITS REDEEMED,-3.53,-617351736,元
2026-09-21,HOOD US,羅賓漢市場公司,4.49,203000,股
2026-09-21,PLTR US,帕蘭提爾科技公司,4.45,135500,股
2026-09-21,LITE US,魯門特姆控股公司,4.37,25500,股
2026-09-21,000660 KS,愛思開海力士公司,4.2,17254,股
2026-09-21,BE US,布魯姆能源公司,4.16,85000,股
2026-09-21,MU US,美光科技公司,3.71,19800,股
2026-09-21,3017,奇鋐科技,3.34,173000,股
2026-09-21,NVDA US,輝達公司,3.26,80000,股
2026-09-21,5274,信驊科技,3.25,29000,股
2026-09-21,SNDK US,晟碟公司（德拉瓦州）,3.17,10000,股
2026-09-21,MSFT US,微軟公司,3.15,35000,股
2026-09-21,2454,聯發科技,3.14,111000,股
2026-09-21,3026,禾伸堂企,2.95,659000,股
2026-09-21,INTC US,英特爾,2.62,120000,股
2026-09-21,SPCX US,太空探索科技公司,2.56,94000,股
2026-09-21,CRWD US,Crowdstrike控股公司,2.46,55000,股
2026-09-21,8046,南亞電路,2.34,391000,股
2026-09-21,3653,健策精密,2.26,69000,股
2026-09-21,DELL US,戴爾科技公司,2.17,21000,股
2026-09-21,TSM US,台灣積體電路製造股份有限公司,2.0,25000,股
2026-09-21,SNOW US,Snowflake公司,1.98,32500,股
2026-09-21,BMNR US,BitMineImmersion技術公司,1.97,388640,股
2026-09-21,009150 KS,三星電機,1.92,10300,股
2026-09-21,6510,中華精測,1.83,93000,股
2026-09-21,AXTI US,AXT公司,1.79,125000,股
2026-09-21,AMD US,超微半導體公司,1.77,16000,股
2026-09-21,PANW US,Palo Alto Networks Inc,1.69,25300,股
2026-09-21,AMZN US,亞馬遜公司,1.67,36000,股
2026-09-21,2360,致茂電子,1.57,117000,股
2026-09-21,3189,景碩科技,1.57,337000,股
2026-09-21,6981 JP,村田製作所有限公司,1.42,160000,股
2026-09-21,COHR US,連貫公司,1.32,22800,股
2026-09-21,MRVL US,Marvell Technology Inc,1.29,28000,股
2026-09-21,600183 CH,廣東生益科技股份有限公司,1.16,296000,股
2026-09-21,NET US,Cloudflare公司,1.14,18100,股
2026-09-21,2383,台光電子,1.13,41000,股
2026-09-21,DA_CNH,AFTER DEDUCTING SECURITIES PURCHASES AMOUNT,1.11,41351857,元
2026-09-21,301377 CH,廣東鼎泰高科技術股份有限公司,1.07,100300,股
2026-09-21,GOOGL US,Alphabet公司,0.96,15000,股
2026-09-21,STX US,希捷科技控股公開有限公司,0.94,6000,股
2026-09-21,6098 JP,瑞可利控股有限公司,0.81,41000,股
2026-09-21,PSX US,菲利普66,0.8,17000,股
2026-09-21,AEHR US,愛赫測試系統,0.78,45000,股
2026-09-21,TSLA US,特斯拉公司,0.74,11000,股
2026-09-21,NTRA US,那提拉公司,0.73,11000,股
2026-09-21,NOW US,ServiceNow公司,0.64,26000,股
2026-09-21,2449,京元電子,0.6,350000,股
2026-09-21,IREN US,IREN有限公司,0.43,51000,股
2026-09-21,CRCL US,Circle網路集團公司,0.34,20000,股
2026-09-21,NBIS US,尼比厄斯集團公眾有限公司,0.19,4500,股
2026-09-21,CRM US,賽富時公司,0.16,3800,股
2026-09-21,DA_NTD,AFTER DEDUCTING SECURITIES PURCHASES AMOUNT,0.16,28402507,元
2026-09-21,DA_KRW,AFTER DEDUCTING SECURITIES PURCHASES AMOUNT,0.0,0,元
2026-09-21,DA_JPY,AFTER DEDUCTING SECURITIES PURCHASES AMOUNT,-0.42,-367146084,元
2026-09-21,DA_USD,AFTER DEDUCTING SECURITIES PURCHASES AMOUNT,-1.72,-9568729,元
2026-09-21,PFUR_NTD,PAYABLES FOR UNITS REDEEMED,-4.03,-713773168,元
2026-09-22,HOOD US,羅賓漢市場公司,4.54,203000,股
2026-09-22,PLTR US,帕蘭提爾科技公司,4.51,135500,股
2026-09-22,LITE US,魯門特姆控股公司,4.34,25500,股
2026-09-22,BE US,布魯姆能源公司,4.23,85000,股
2026-09-22,000660 KS,愛思開海力士公司,4.19,17254,股
2026-09-22,MU US,美光科技公司,3.9,19800,股
2026-09-22,5274,信驊科技,3.44,29000,股
2026-09-22,SNDK US,晟碟公司（德拉瓦州）,3.39,10000,股
2026-09-22,3017,奇鋐科技,3.33,173000,股
2026-09-22,NVDA US,輝達公司,3.29,80000,股
2026-09-22,2454,聯發科技,3.26,111000,股
2026-09-22,3026,禾伸堂企,2.91,659000,股
2026-09-22,INTC US,英特爾,2.67,120000,股
2026-09-22,SPCX US,太空探索科技公司,2.62,94000,股
2026-09-22,8046,南亞電路,2.58,391000,股
2026-09-22,CRWD US,Crowdstrike控股公司,2.47,55000,股
2026-09-22,3653,健策精密,2.28,69000,股
2026-09-22,MSFT US,微軟公司,2.24,25000,股
2026-09-22,DELL US,戴爾科技公司,2.07,21000,股
2026-09-22,TSM US,台灣積體電路製造股份有限公司,2.03,25000,股
2026-09-22,009150 KS,三星電機,2.02,10300,股
2026-09-22,BMNR US,BitMineImmersion技術公司,2.01,388640,股
2026-09-22,SNOW US,Snowflake公司,1.97,32500,股
2026-09-22,6510,中華精測,1.95,93000,股
2026-09-22,AMD US,超微半導體公司,1.8,16000,股
2026-09-22,AXTI US,AXT公司,1.75,125000,股
2026-09-22,3189,景碩科技,1.74,337000,股
2026-09-22,PANW US,Palo Alto Networks Inc,1.7,25300,股
2026-09-22,AMZN US,亞馬遜公司,1.65,36000,股
2026-09-22,2360,致茂電子,1.62,117000,股
2026-09-22,6981 JP,村田製作所有限公司,1.42,160000,股
2026-09-22,ALAB US,Astera實驗室公司,1.37,21000,股
2026-09-22,MRVL US,Marvell Technology Inc,1.32,28000,股
2026-09-22,COHR US,連貫公司,1.27,22800,股
2026-09-22,NET US,Cloudflare公司,1.15,18100,股
2026-09-22,DA_CNH,AFTER DEDUCTING SECURITIES PURCHASES AMOUNT,1.14,42641238,元
2026-09-22,2383,台光電子,1.13,41000,股
2026-09-22,2449,京元電子,1.1,613000,股
2026-09-22,301377 CH,廣東鼎泰高科技術股份有限公司,1.07,100300,股
2026-09-22,STX US,希捷科技控股公開有限公司,0.99,6000,股
2026-09-22,GOOGL US,Alphabet公司,0.95,15000,股
2026-09-22,6098 JP,瑞可利控股有限公司,0.81,41000,股
2026-09-22,AEHR US,愛赫測試系統,0.81,45000,股
2026-09-22,NTRA US,那提拉公司,0.77,11000,股
2026-09-22,TSLA US,特斯拉公司,0.75,11000,股
2026-09-22,NOW US,ServiceNow公司,0.64,26000,股
2026-09-22,6805,富世達股,0.57,40000,股
2026-09-22,IREN US,IREN有限公司,0.45,51000,股
2026-09-22,CRCL US,Circle網路集團公司,0.34,20000,股
2026-09-22,NBIS US,尼比厄斯集團公眾有限公司,0.19,4500,股
2026-09-22,CRM US,賽富時公司,0.16,3800,股
2026-09-22,DA_KRW,AFTER DEDUCTING SECURITIES PURCHASES AMOUNT,0.0,0,元
2026-09-22,DA_JPY,AFTER DEDUCTING SECURITIES PURCHASES AMOUNT,-0.42,-367146084,元
2026-09-22,DA_NTD,AFTER DEDUCTING SECURITIES PURCHASES AMOUNT,-0.55,-96255125,元
2026-09-22,DA_USD,AFTER DEDUCTING SECURITIES PURCHASES AMOUNT,-0.81,-4523607,元
2026-09-22,PFUR_NTD,PAYABLES FOR UNITS REDEEMED,-5.02,-885469228,元
2026-09-23,PLTR US,帕蘭提爾科技公司,4.77,135500,股
2026-09-23,HOOD US,羅賓漢市場公司,4.57,203000,股
2026-09-23,LITE US,魯門特姆控股公司,4.39,25500,股
2026-09-23,000660 KS,愛思開海力士公司,4.32,17254,股
2026-09-23,BE US,布魯姆能源公司,4.29,85000,股
2026-09-23,MU US,美光科技公司,3.9,19800,股
2026-09-23,SNDK US,晟碟公司（德拉瓦州）,3.67,11000,股
2026-09-23,3017,奇鋐科技,3.47,173000,股
2026-09-23,5274,信驊科技,3.4,29000,股
2026-09-23,2454,聯發科技,3.33,111000,股
2026-09-23,NVDA US,輝達公司,3.31,80000,股
2026-09-23,3026,禾伸堂企,2.93,659000,股
2026-09-23,8046,南亞電路,2.74,391000,股
2026-09-23,INTC US,英特爾,2.7,120000,股
2026-09-23,CRWD US,Crowdstrike控股公司,2.65,55000,股
2026-09-23,3653,健策精密,2.56,69000,股
2026-09-23,SPCX US,太空探索科技公司,2.56,94000,股
2026-09-23,MSFT US,微軟公司,2.3,25000,股
2026-09-23,BMNR US,BitMineImmersion技術公司,2.21,438640,股
2026-09-23,009150 KS,三星電機,2.09,10300,股
2026-09-23,TSM US,台灣積體電路製造股份有限公司,2.05,25000,股
2026-09-23,ALAB US,Astera實驗室公司,1.85,28000,股
2026-09-23,DELL US,戴爾科技公司,1.82,18000,股
2026-09-23,AMD US,超微半導體公司,1.81,16000,股
2026-09-23,3189,景碩科技,1.77,337000,股
2026-09-23,SNOW US,Snowflake公司,1.69,27500,股
2026-09-23,AXTI US,AXT公司,1.67,125000,股
2026-09-23,2360,致茂電子,1.57,117000,股
2026-09-23,6981 JP,村田製作所有限公司,1.45,160000,股
2026-09-23,MRVL US,Marvell Technology Inc,1.34,28000,股
2026-09-23,PANW US,Palo Alto Networks Inc,1.32,18300,股
2026-09-23,6510,中華精測,1.27,63000,股
2026-09-23,COHR US,連貫公司,1.26,22800,股
2026-09-23,2383,台光電子,1.19,41000,股
2026-09-23,NET US,Cloudflare公司,1.17,18100,股
2026-09-23,2449,京元電子,1.08,613000,股
2026-09-23,DA_CNH,AFTER DEDUCTING SECURITIES PURCHASES AMOUNT,1.08,39516265,元
2026-09-23,STX US,希捷科技控股公開有限公司,1.02,6000,股
2026-09-23,GOOGL US,Alphabet公司,0.93,15000,股
2026-09-23,6805,富世達股,0.89,59000,股
2026-09-23,6098 JP,瑞可利控股有限公司,0.83,41000,股
2026-09-23,AMZN US,亞馬遜公司,0.82,18000,股
2026-09-23,AEHR US,愛赫測試系統,0.8,45000,股
2026-09-23,NTRA US,那提拉公司,0.79,11000,股
2026-09-23,TSLA US,特斯拉公司,0.77,11000,股
2026-09-23,IREN US,IREN有限公司,0.7,81000,股
2026-09-23,DA_NTD,AFTER DEDUCTING SECURITIES PURCHASES AMOUNT,0.69,118823603,元
2026-09-23,CRCL US,Circle網路集團公司,0.34,20000,股
2026-09-23,NOW US,ServiceNow公司,0.26,10000,股
2026-09-23,NBIS US,尼比厄斯集團公眾有限公司,0.19,4500,股
2026-09-23,TWLO US,Twilio公司,0.19,3500,股
2026-09-23,DA_KRW,AFTER DEDUCTING SECURITIES PURCHASES AMOUNT,0.0,0,元
2026-09-23,DA_JPY,AFTER DEDUCTING SECURITIES PURCHASES AMOUNT,-0.43,-367146084,元
2026-09-23,DA_USD,AFTER DEDUCTING SECURITIES PURCHASES AMOUNT,-0.61,-3325980,元
2026-09-23,PFUR_NTD,PAYABLES FOR UNITS REDEEMED,-5.59,-965863642,元
2026-09-24,PLTR US,帕蘭提爾科技公司,4.99,135500,股
2026-09-24,HOOD US,羅賓漢市場公司,4.69,203000,股
2026-09-24,LITE US,魯門特姆控股公司,4.53,25500,股
2026-09-24,000660 KS,愛思開海力士公司,4.5,17254,股
2026-09-24,BE US,布魯姆能源公司,4.34,85000,股
2026-09-24,DA_USD,AFTER DEDUCTING SECURITIES PURCHASES AMOUNT,4.19,21900985,元
2026-09-24,MU US,美光科技公司,4.09,19800,股
2026-09-24,3017,奇鋐科技,3.7,173000,股
2026-09-24,SNDK US,晟碟公司（德拉瓦州）,3.69,11000,股
2026-09-24,2454,聯發科技,3.53,111000,股
2026-09-24,5274,信驊科技,3.46,29000,股
2026-09-24,NVDA US,輝達公司,3.44,80000,股
2026-09-24,3026,禾伸堂企,3.21,659000,股
2026-09-24,INTC US,英特爾,2.93,120000,股
2026-09-24,8046,南亞電路,2.91,391000,股
2026-09-24,3653,健策精密,2.87,69000,股
2026-09-24,CRWD US,Crowdstrike控股公司,2.73,55000,股
2026-09-24,SPCX US,太空探索科技公司,2.66,94000,股
2026-09-24,MSFT US,微軟公司,2.38,25000,股
2026-09-24,BMNR US,BitMineImmersion技術公司,2.35,438640,股
2026-09-24,009150 KS,三星電機,2.17,10300,股
2026-09-24,TSM US,台灣積體電路製造股份有限公司,2.16,25000,股
2026-09-24,DA_NTD,AFTER DEDUCTING SECURITIES PURCHASES AMOUNT,1.98,329755833,元
2026-09-24,3189,景碩科技,1.95,337000,股
2026-09-24,ALAB US,Astera實驗室公司,1.93,28000,股
2026-09-24,AMD US,超微半導體公司,1.93,16000,股
2026-09-24,6981 JP,村田製作所有限公司,1.89,200000,股
2026-09-24,DELL US,戴爾科技公司,1.85,18000,股
2026-09-24,AXTI US,AXT公司,1.82,125000,股
2026-09-24,SNOW US,Snowflake公司,1.76,27500,股
2026-09-24,2360,致茂電子,1.61,117000,股
2026-09-24,MRVL US,Marvell Technology Inc,1.39,28000,股
2026-09-24,PANW US,Palo Alto Networks Inc,1.37,18300,股
2026-09-24,COHR US,連貫公司,1.27,22800,股
2026-09-24,NET US,Cloudflare公司,1.24,18100,股
2026-09-24,2449,京元電子,1.15,613000,股
2026-09-24,STX US,希捷科技控股公開有限公司,1.04,6000,股
2026-09-24,GOOGL US,Alphabet公司,0.98,15000,股
2026-09-24,6805,富世達股,0.9,59000,股
2026-09-24,AMZN US,亞馬遜公司,0.86,18000,股
2026-09-24,NTRA US,那提拉公司,0.86,11000,股
2026-09-24,AEHR US,愛赫測試系統,0.84,45000,股
2026-09-24,TSLA US,特斯拉公司,0.8,11000,股
2026-09-24,6098 JP,瑞可利控股有限公司,0.79,41000,股
2026-09-24,IREN US,IREN有限公司,0.72,81000,股
2026-09-24,2383,台光電子,0.61,20000,股
2026-09-24,6510,中華精測,0.6,30000,股
2026-09-24,6787 JP,名幸電子股份有限公司,0.49,17000,股
2026-09-24,CRCL US,Circle網路集團公司,0.36,20000,股
2026-09-24,NOW US,ServiceNow公司,0.26,10000,股
2026-09-24,NBIS US,尼比厄斯集團公眾有限公司,0.21,4500,股
2026-09-24,TWLO US,Twilio公司,0.2,3500,股
2026-09-24,DA_CNH,AFTER DEDUCTING SECURITIES PURCHASES AMOUNT,0.0,1,元
2026-09-24,DA_KRW,AFTER DEDUCTING SECURITIES PURCHASES AMOUNT,0.0,0,元
2026-09-24,DA_JPY,AFTER DEDUCTING SECURITIES PURCHASES AMOUNT,-0.89,-736195111,元
2026-09-24,PFUR_NTD,PAYABLES FOR UNITS REDEEMED,-10.1,-1680959916,元
2026-09-29,PLTR US,帕蘭提爾科技公司,4.92,135500,股
2026-09-29,LITE US,魯門特姆控股公司,4.83,25500,股
2026-09-29,BE US,布魯姆能源公司,4.81,85000,股
2026-09-29,HOOD US,羅賓漢市場公司,4.59,203000,股
2026-09-29,MU US,美光科技公司,4.1,19800,股
2026-09-29,SNDK US,晟碟公司（德拉瓦州）,3.7,11000,股
2026-09-29,3017,奇鋐科技,3.58,173000,股
2026-09-29,000660 KS,愛思開海力士公司,3.55,14054,股
2026-09-29,NVDA US,輝達公司,3.53,80000,股
2026-09-29,5274,信驊科技,3.43,29000,股
2026-09-29,2454,聯發科技,3.32,111000,股
2026-09-29,3026,禾伸堂企,3.2,659000,股
2026-09-29,8046,南亞電路,3.03,391000,股
2026-09-29,3653,健策精密,2.9,69000,股
2026-09-29,DA_USD,AFTER DEDUCTING SECURITIES PURCHASES AMOUNT,2.88,14818999,元
2026-09-29,CRWD US,Crowdstrike控股公司,2.81,55000,股
2026-09-29,INTC US,英特爾,2.7,120000,股
2026-09-29,BMNR US,BitMineImmersion技術公司,2.28,438640,股
2026-09-29,009150 KS,三星電機,2.25,10300,股
2026-09-29,TSM US,台灣積體電路製造股份有限公司,2.22,25000,股
2026-09-29,SPCX US,太空探索科技公司,2.03,70000,股
2026-09-29,6981 JP,村田製作所有限公司,2.0,200000,股
2026-09-29,MSFT US,微軟公司,1.98,20000,股
2026-09-29,3189,景碩科技,1.96,337000,股
2026-09-29,ALAB US,Astera實驗室公司,1.95,28000,股
2026-09-29,AXTI US,AXT公司,1.9,125000,股
2026-09-29,AMD US,超微半導體公司,1.89,16000,股
2026-09-29,DELL US,戴爾科技公司,1.89,18000,股
2026-09-29,DA_NTD,AFTER DEDUCTING SECURITIES PURCHASES AMOUNT,1.85,303939625,元
2026-09-29,SNOW US,Snowflake公司,1.77,27500,股
2026-09-29,2360,致茂電子,1.56,117000,股
2026-09-29,MRVL US,Marvell Technology Inc,1.43,28000,股
2026-09-29,PANW US,Palo Alto Networks Inc,1.38,18300,股
2026-09-29,NET US,Cloudflare公司,1.24,18100,股
2026-09-29,2449,京元電子,1.1,613000,股
2026-09-29,STX US,希捷科技控股公開有限公司,1.07,6000,股
2026-09-29,GOOGL US,Alphabet公司,0.99,15000,股
2026-09-29,6805,富世達股,0.9,59000,股
2026-09-29,NTRA US,那提拉公司,0.89,11000,股
2026-09-29,AEHR US,愛赫測試系統,0.88,45000,股
2026-09-29,IREN US,IREN有限公司,0.65,81000,股
2026-09-29,2383,台光電子,0.6,20000,股
2026-09-29,FORM US,福達電子公司,0.48,18000,股
2026-09-29,6787 JP,名幸電子股份有限公司,0.47,17000,股
2026-09-29,6098 JP,瑞可利控股有限公司,0.41,20000,股
2026-09-29,CRCL US,Circle網路集團公司,0.33,20000,股
2026-09-29,TSLA US,特斯拉公司,0.27,4000,股
2026-09-29,NBIS US,尼比厄斯集團公眾有限公司,0.21,4500,股
2026-09-29,TWLO US,Twilio公司,0.2,3500,股
2026-09-29,COHR US,連貫公司,0.1,1800,股
2026-09-29,AMZN US,亞馬遜公司,0.05,1000,股
2026-09-29,NOW US,ServiceNow公司,0.03,1000,股
2026-09-29,DA_CNH,AFTER DEDUCTING SECURITIES PURCHASES AMOUNT,0.0,1,元
2026-09-29,DA_JPY,AFTER DEDUCTING SECURITIES PURCHASES AMOUNT,0.0,0,元
2026-09-29,DA_KRW,AFTER DEDUCTING SECURITIES PURCHASES AMOUNT,0.0,0,元
2026-09-29,PFUR_NTD,PAYABLES FOR UNITS REDEEMED,-10.0,-1642142916,元
2026-09-30,DA_USD,AFTER DEDUCTING SECURITIES PURCHASES AMOUNT,7.22,34920503,元
2026-09-30,PLTR US,帕蘭提爾科技公司,5.24,135500,股
2026-09-30,LITE US,魯門特姆控股公司,5.12,25500,股
2026-09-30,BE US,布魯姆能源公司,4.87,85000,股
2026-09-30,HOOD US,羅賓漢市場公司,4.72,203000,股
2026-09-30,MU US,美光科技公司,4.36,19800,股
2026-09-30,SNDK US,晟碟公司（德拉瓦州）,3.96,11000,股
2026-09-30,3017,奇鋐科技,3.86,173000,股
2026-09-30,000660 KS,愛思開海力士公司,3.82,14054,股
2026-09-30,NVDA US,輝達公司,3.78,80000,股
2026-09-30,2454,聯發科技,3.54,111000,股
2026-09-30,5274,信驊科技,3.53,29000,股
2026-09-30,8046,南亞電路,3.4,391000,股
2026-09-30,3026,禾伸堂企,3.38,659000,股
2026-09-30,3653,健策精密,3.04,69000,股
2026-09-30,CRWD US,Crowdstrike控股公司,3.01,55000,股
2026-09-30,INTC US,英特爾,2.98,120000,股
2026-09-30,BMNR US,BitMineImmersion技術公司,2.4,438640,股
2026-09-30,TSM US,台灣積體電路製造股份有限公司,2.36,25000,股
2026-09-30,SPCX US,太空探索科技公司,2.18,70000,股
2026-09-30,DA_NTD,AFTER DEDUCTING SECURITIES PURCHASES AMOUNT,2.17,334665829,元
2026-09-30,3189,景碩科技,2.12,337000,股
2026-09-30,ALAB US,Astera實驗室公司,2.06,28000,股
2026-09-30,AMD US,超微半導體公司,2.02,16000,股
2026-09-30,AXTI US,AXT公司,2.0,125000,股
2026-09-30,DELL US,戴爾科技公司,2.0,18000,股
2026-09-30,2360,致茂電子,1.62,117000,股
2026-09-30,MSFT US,微軟公司,1.59,15000,股
2026-09-30,MRVL US,Marvell Technology Inc,1.53,28000,股
2026-09-30,PANW US,Palo Alto Networks Inc,1.5,18300,股
2026-09-30,6805,富世達股,1.42,89000,股
2026-09-30,SNOW US,Snowflake公司,1.37,19500,股
2026-09-30,6981 JP,村田製作所有限公司,1.34,130000,股
2026-09-30,NET US,Cloudflare公司,1.3,18100,股
2026-09-30,009150 KS,三星電機,1.23,5300,股
2026-09-30,2449,京元電子,1.17,613000,股
2026-09-30,STX US,希捷科技控股公開有限公司,1.14,6000,股
2026-09-30,NTRA US,那提拉公司,0.94,11000,股
2026-09-30,AEHR US,愛赫測試系統,0.93,45000,股
2026-09-30,6787 JP,名幸電子股份有限公司,0.85,26500,股
2026-09-30,IREN US,IREN有限公司,0.68,81000,股
2026-09-30,2383,台光電子,0.64,20000,股
2026-09-30,FORM US,福達電子公司,0.56,18000,股
2026-09-30,6976 JP,太陽誘電,0.49,40000,股
2026-09-30,CRCL US,Circle網路集團公司,0.34,20000,股
2026-09-30,TSLA US,特斯拉公司,0.29,4000,股
2026-09-30,NBIS US,尼比厄斯集團公眾有限公司,0.22,4500,股
2026-09-30,TWLO US,Twilio公司,0.21,3500,股
2026-09-30,COHR US,連貫公司,0.11,1800,股
2026-09-30,GOOGL US,Alphabet公司,0.07,1000,股
2026-09-30,AMZN US,亞馬遜公司,0.05,1000,股
2026-09-30,NOW US,ServiceNow公司,0.03,1000,股
2026-09-30,DA_CNH,AFTER DEDUCTING SECURITIES PURCHASES AMOUNT,0.0,1,元
2026-09-30,DA_KRW,AFTER DEDUCTING SECURITIES PURCHASES AMOUNT,0.0,0,元
2026-09-30,DA_JPY,AFTER DEDUCTING SECURITIES PURCHASES AMOUNT,-0.81,-612016634,元
2026-09-30,PFUR_NTD,PAYABLES FOR UNITS REDEEMED,-16.19,-2496720618,元
2026-10-01,DA_USD,AFTER DEDUCTING SECURITIES PURCHASES AMOUNT,7.81,37898380,元
2026-10-01,LITE US,魯門特姆控股公司,5.5,25500,股
2026-10-01,PLTR US,帕蘭提爾科技公司,4.92,125500,股
2026-10-01,BE US,布魯姆能源公司,4.86,85000,股
2026-10-01,MU US,美光科技公司,4.48,19800,股
2026-10-01,8046,南亞電路,4.08,446000,股
2026-10-01,SNDK US,晟碟公司（德拉瓦州）,4.05,11000,股
2026-10-01,3017,奇鋐科技,3.91,173000,股
2026-10-01,000660 KS,愛思開海力士公司,3.9,14054,股
2026-10-01,NVDA US,輝達公司,3.81,80000,股
2026-10-01,3026,禾伸堂企,3.62,659000,股
2026-10-01,5274,信驊科技,3.56,29000,股
2026-10-01,HOOD US,羅賓漢市場公司,3.51,153000,股
2026-10-01,3653,健策精密,3.05,69000,股
2026-10-01,CRWD US,Crowdstrike控股公司,3.02,55000,股
2026-10-01,INTC US,英特爾,2.97,120000,股
2026-10-01,DA_NTD,AFTER DEDUCTING SECURITIES PURCHASES AMOUNT,2.9,449857364,元
2026-10-01,2454,聯發科技,2.69,84000,股
2026-10-01,3189,景碩科技,2.69,414000,股
2026-10-01,BMNR US,BitMineImmersion技術公司,2.42,438640,股
2026-10-01,TSM US,台灣積體電路製造股份有限公司,2.37,25000,股
2026-10-01,SPCX US,太空探索科技公司,2.14,70000,股
2026-10-01,AXTI US,AXT公司,2.11,125000,股
2026-10-01,ALAB US,Astera實驗室公司,2.06,28000,股
2026-10-01,AMD US,超微半導體公司,2.03,16000,股
2026-10-01,DELL US,戴爾科技公司,1.68,15000,股
2026-10-01,MSFT US,微軟公司,1.59,15000,股
2026-10-01,MRVL US,Marvell Technology Inc,1.55,28000,股
2026-10-01,PANW US,Palo Alto Networks Inc,1.5,18300,股
2026-10-01,6981 JP,村田製作所有限公司,1.44,130000,股
2026-10-01,SNOW US,Snowflake公司,1.38,19500,股
2026-10-01,6805,富世達股,1.37,89000,股
2026-10-01,NET US,Cloudflare公司,1.31,18100,股
2026-10-01,6787 JP,名幸電子股份有限公司,1.17,35500,股
2026-10-01,STX US,希捷科技控股公開有限公司,1.17,6000,股
2026-10-01,AEHR US,愛赫測試系統,0.94,45000,股
2026-10-01,NTRA US,那提拉公司,0.93,11000,股
2026-10-01,6976 JP,太陽誘電,0.92,70000,股
2026-10-01,LRCX US,科林研發股份有限公司,0.88,12500,股
2026-10-01,2383,台光電子,0.64,20000,股
2026-10-01,FORM US,福達電子公司,0.55,18000,股
2026-10-01,6857 JP,愛德萬測試,0.29,6000,股
2026-10-01,TSLA US,特斯拉公司,0.29,4000,股
2026-10-01,NBIS US,尼比厄斯集團公眾有限公司,0.22,4500,股
2026-10-01,TWLO US,Twilio公司,0.22,3500,股
2026-10-01,IREN US,IREN有限公司,0.17,20000,股
2026-10-01,COHR US,連貫公司,0.12,1800,股
2026-10-01,009150 KS,三星電機,0.07,300,股
2026-10-01,GOOGL US,Alphabet公司,0.07,1000,股
2026-10-01,AMZN US,亞馬遜公司,0.05,1000,股
2026-10-01,CRCL US,Circle網路集團公司,0.03,2000,股
2026-10-01,NOW US,ServiceNow公司,0.03,1000,股
2026-10-01,2360,致茂電子,0.01,1000,股
2026-10-01,DA_CNH,AFTER DEDUCTING SECURITIES PURCHASES AMOUNT,0.0,339,元
2026-10-01,DA_KRW,AFTER DEDUCTING SECURITIES PURCHASES AMOUNT,0.0,0,元
2026-10-01,DA_JPY,AFTER DEDUCTING SECURITIES PURCHASES AMOUNT,-1.78,-1370281389,元
2026-10-01,PFUR_NTD,PAYABLES FOR UNITS REDEEMED,-16.8,-2608434490,元
2026-10-02,DA_USD,AFTER DEDUCTING SECURITIES PURCHASES AMOUNT,11.72,56251440,元
2026-10-02,LITE US,魯門特姆控股公司,5.77,25500,股
2026-10-02,BE US,布魯姆能源公司,5.12,85000,股
2026-10-02,PLTR US,帕蘭提爾科技公司,4.94,125500,股
2026-10-02,MU US,美光科技公司,4.43,19800,股
2026-10-02,8046,南亞電路,4.26,446000,股
2026-10-02,000660 KS,愛思開海力士公司,4.0,14054,股
2026-10-02,SNDK US,晟碟公司（德拉瓦州）,3.94,11000,股
2026-10-02,NVDA US,輝達公司,3.9,80000,股
2026-10-02,3017,奇鋐科技,3.89,173000,股
2026-10-02,3026,禾伸堂企,3.6,659000,股
2026-10-02,HOOD US,羅賓漢市場公司,3.59,153000,股
2026-10-02,5274,信驊科技,3.57,29000,股
2026-10-02,CRWD US,Crowdstrike控股公司,3.09,55000,股
2026-10-02,3653,健策精密,3.07,69000,股
2026-10-02,INTC US,英特爾,2.98,120000,股
2026-10-02,3189,景碩科技,2.84,414000,股
2026-10-02,2454,聯發科技,2.72,84000,股
2026-10-02,TSM US,台灣積體電路製造股份有限公司,2.46,25000,股
2026-10-02,BMNR US,BitMineImmersion技術公司,2.4,438640,股
2026-10-02,SPCX US,太空探索科技公司,2.32,70000,股
2026-10-02,AXTI US,AXT公司,2.24,125000,股
2026-10-02,AMD US,超微半導體公司,2.11,16000,股
2026-10-02,ALAB US,Astera實驗室公司,2.04,28000,股
2026-10-02,DELL US,戴爾科技公司,1.76,15000,股
2026-10-02,MSFT US,微軟公司,1.62,15000,股
2026-10-02,MRVL US,Marvell Technology Inc,1.59,28000,股
2026-10-02,PANW US,Palo Alto Networks Inc,1.54,18300,股
2026-10-02,6981 JP,村田製作所有限公司,1.46,130000,股
2026-10-02,SNOW US,Snowflake公司,1.39,19500,股
2026-10-02,6805,富世達股,1.34,89000,股
2026-10-02,NET US,Cloudflare公司,1.32,18100,股
2026-10-02,6787 JP,名幸電子股份有限公司,1.12,35500,股
2026-10-02,STX US,希捷科技控股公開有限公司,1.06,6000,股
2026-10-02,AEHR US,愛赫測試系統,1.01,45000,股
2026-10-02,NTRA US,那提拉公司,0.94,11000,股
2026-10-02,6976 JP,太陽誘電,0.93,70000,股
2026-10-02,LRCX US,科林研發股份有限公司,0.91,12500,股
2026-10-02,DA_NTD,AFTER DEDUCTING SECURITIES PURCHASES AMOUNT,0.8,122777289,元
2026-10-02,2383,台光電子,0.68,20000,股
2026-10-02,FORM US,福達電子公司,0.56,18000,股
2026-10-02,TSEM US,塔爾半導體有限公司,0.4,8000,股
2026-10-02,6857 JP,愛德萬測試,0.31,6000,股
2026-10-02,5801 JP,古河電氣工業有限公司,0.29,50000,股
2026-10-02,NBIS US,尼比厄斯集團公眾有限公司,0.23,4500,股
2026-10-02,TWLO US,Twilio公司,0.22,3500,股
2026-10-02,IREN US,IREN有限公司,0.17,20000,股
2026-10-02,COHR US,連貫公司,0.13,1800,股
2026-10-02,GOOGL US,Alphabet公司,0.07,1000,股
2026-10-02,AMZN US,亞馬遜公司,0.05,1000,股
2026-10-02,CRCL US,Circle網路集團公司,0.03,2000,股
2026-10-02,NOW US,ServiceNow公司,0.03,1000,股
2026-10-02,DA_CNH,AFTER DEDUCTING SECURITIES PURCHASES AMOUNT,0.0,339,元
2026-10-02,DA_KRW,AFTER DEDUCTING SECURITIES PURCHASES AMOUNT,0.0,0,元
2026-10-02,DA_JPY,AFTER DEDUCTING SECURITIES PURCHASES AMOUNT,-1.3,-979639386,元
2026-10-02,PFUR_NTD,PAYABLES FOR UNITS REDEEMED,-16.89,-2582367202,元
2026-10-05,DA_USD,AFTER DEDUCTING SECURITIES PURCHASES AMOUNT,8.0,38678142,元
2026-10-05,LITE US,魯門特姆控股公司,5.76,25500,股
2026-10-05,BE US,布魯姆能源公司,5.04,85000,股
2026-10-05,DA_NTD,AFTER DEDUCTING SECURITIES PURCHASES AMOUNT,4.64,712277380,元
2026-10-05,8046,南亞電路,4.62,475000,股
2026-10-05,PLTR US,帕蘭提爾科技公司,4.52,115500,股
2026-10-05,MU US,美光科技公司,4.36,19800,股
2026-10-05,3017,奇鋐科技,4.04,173000,股
2026-10-05,000660 KS,愛思開海力士公司,3.98,14054,股
2026-10-05,NVDA US,輝達公司,3.95,80000,股
2026-10-05,5274,信驊科技,3.68,29000,股
2026-10-05,3026,禾伸堂企,3.5,659000,股
2026-10-05,3189,景碩科技,3.24,454000,股
2026-10-05,3653,健策精密,3.24,69000,股
2026-10-05,SNDK US,晟碟公司（德拉瓦州）,3.17,9000,股
2026-10-05,CRWD US,Crowdstrike控股公司,3.1,55000,股
2026-10-05,HOOD US,羅賓漢市場公司,3.07,130000,股
2026-10-05,2454,聯發科技,2.82,84000,股
2026-10-05,TSM US,台灣積體電路製造股份有限公司,2.51,25000,股
2026-10-05,SPCX US,太空探索科技公司,2.48,70000,股
2026-10-05,BMNR US,BitMineImmersion技術公司,2.43,438640,股
2026-10-05,INTC US,英特爾,2.4,100000,股
2026-10-05,AXTI US,AXT公司,2.24,125000,股
2026-10-05,ALAB US,Astera實驗室公司,2.1,28000,股
2026-10-05,AMD US,超微半導體公司,2.09,16000,股
2026-10-05,DELL US,戴爾科技公司,1.71,15000,股
2026-10-05,MSFT US,微軟公司,1.63,15000,股
2026-10-05,MRVL US,Marvell Technology Inc,1.57,28000,股
2026-10-05,PANW US,Palo Alto Networks Inc,1.54,18300,股
2026-10-05,6981 JP,村田製作所有限公司,1.49,130000,股
2026-10-05,6805,富世達股,1.42,89000,股
2026-10-05,SNOW US,Snowflake公司,1.37,19500,股
2026-10-05,NET US,Cloudflare公司,1.35,18100,股
2026-10-05,6787 JP,名幸電子股份有限公司,1.16,35500,股
2026-10-05,AEHR US,愛赫測試系統,0.97,45000,股
2026-10-05,NTRA US,那提拉公司,0.97,11000,股
2026-10-05,6976 JP,太陽誘電,0.96,70000,股
2026-10-05,LRCX US,科林研發股份有限公司,0.89,12500,股
2026-10-05,2383,台光電子,0.74,20000,股
2026-10-05,FORM US,福達電子公司,0.55,18000,股
2026-10-05,TSEM US,塔爾半導體有限公司,0.41,8000,股
2026-10-05,STM US,意法半導體公司,0.36,30000,股
2026-10-05,6857 JP,愛德萬測試,0.32,6000,股
2026-10-05,5801 JP,古河電氣工業有限公司,0.29,50000,股
2026-10-05,NBIS US,尼比厄斯集團公眾有限公司,0.22,4500,股
2026-10-05,TWLO US,Twilio公司,0.22,3500,股
2026-10-05,IREN US,IREN有限公司,0.17,20000,股
2026-10-05,COHR US,連貫公司,0.12,1800,股
2026-10-05,GOOGL US,Alphabet公司,0.07,1000,股
2026-10-05,AMZN US,亞馬遜公司,0.05,1000,股
2026-10-05,CRCL US,Circle網路集團公司,0.03,2000,股
2026-10-05,NOW US,ServiceNow公司,0.03,1000,股
2026-10-05,DA_CNH,AFTER DEDUCTING SECURITIES PURCHASES AMOUNT,0.0,339,元
2026-10-05,DA_KRW,AFTER DEDUCTING SECURITIES PURCHASES AMOUNT,0.0,0,元
2026-10-05,DA_JPY,AFTER DEDUCTING SECURITIES PURCHASES AMOUNT,-0.29,-221374631,元
2026-10-05,PFUR_NTD,PAYABLES FOR UNITS REDEEMED,-15.81,-2429271943,元
2026-10-06,DA_USD,AFTER DEDUCTING SECURITIES PURCHASES AMOUNT,7.14,33006001,元
2026-10-06,LITE US,魯門特姆控股公司,6.26,25500,股
2026-10-06,BE US,布魯姆能源公司,5.44,85000,股
2026-10-06,8046,南亞電路,4.87,475000,股
2026-10-06,PLTR US,帕蘭提爾科技公司,4.8,115500,股
2026-10-06,MU US,美光科技公司,4.48,19800,股
2026-10-06,3017,奇鋐科技,4.34,173000,股
2026-10-06,NVDA US,輝達公司,4.14,80000,股
2026-10-06,5274,信驊科技,3.75,29000,股
2026-10-06,3026,禾伸堂企,3.57,659000,股
2026-10-06,3653,健策精密,3.33,69000,股
2026-10-06,CRWD US,Crowdstrike控股公司,3.32,55000,股
2026-10-06,3189,景碩科技,3.31,454000,股
2026-10-06,DA_NTD,AFTER DEDUCTING SECURITIES PURCHASES AMOUNT,3.28,482222214,元
2026-10-06,HOOD US,羅賓漢市場公司,2.91,120000,股
2026-10-06,TSM US,台灣積體電路製造股份有限公司,2.61,25000,股
2026-10-06,SPCX US,太空探索科技公司,2.6,70000,股
2026-10-06,BMNR US,BitMineImmersion技術公司,2.49,438640,股
2026-10-06,2383,台光電子,2.45,60000,股
2026-10-06,ALAB US,Astera實驗室公司,2.36,28000,股
2026-10-06,AXTI US,AXT公司,2.27,125000,股
2026-10-06,AMD US,超微半導體公司,2.25,16000,股
2026-10-06,SNDK US,晟碟公司（德拉瓦州）,2.16,6000,股
2026-10-06,INTC US,英特爾,1.95,80000,股
2026-10-06,2454,聯發科技,1.94,58000,股
2026-10-06,000660 KS,愛思開海力士公司,1.93,6754,股
2026-10-06,DELL US,戴爾科技公司,1.86,15000,股
2026-10-06,MRVL US,Marvell Technology Inc,1.74,28000,股
2026-10-06,MSFT US,微軟公司,1.72,15000,股
2026-10-06,PANW US,Palo Alto Networks Inc,1.66,18300,股
2026-10-06,6981 JP,村田製作所有限公司,1.57,130000,股
2026-10-06,6805,富世達股,1.46,89000,股
2026-10-06,SNOW US,Snowflake公司,1.42,19500,股
2026-10-06,NET US,Cloudflare公司,1.39,18100,股
2026-10-06,6787 JP,名幸電子股份有限公司,1.33,35500,股
2026-10-06,6976 JP,太陽誘電,1.07,70000,股
2026-10-06,NTRA US,那提拉公司,0.95,11000,股
2026-10-06,AEHR US,愛赫測試系統,0.9,45000,股
2026-10-06,LRCX US,科林研發股份有限公司,0.9,12500,股
2026-10-06,STM US,意法半導體公司,0.8,63000,股
2026-10-06,FORM US,福達電子公司,0.55,18000,股
2026-10-06,TSEM US,塔爾半導體有限公司,0.45,8000,股
2026-10-06,6857 JP,愛德萬測試,0.34,6000,股
2026-10-06,5801 JP,古河電氣工業有限公司,0.31,50000,股
2026-10-06,NBIS US,尼比厄斯集團公眾有限公司,0.24,4500,股
2026-10-06,TWLO US,Twilio公司,0.21,3500,股
2026-10-06,IREN US,IREN有限公司,0.18,20000,股
2026-10-06,COHR US,連貫公司,0.13,1800,股
2026-10-06,GOOGL US,Alphabet公司,0.08,1000,股
2026-10-06,AMZN US,亞馬遜公司,0.06,1000,股
2026-10-06,CRCL US,Circle網路集團公司,0.04,2000,股
2026-10-06,NOW US,ServiceNow公司,0.03,1000,股
2026-10-06,DA_CNH,AFTER DEDUCTING SECURITIES PURCHASES AMOUNT,0.0,339,元
2026-10-06,DA_JPY,AFTER DEDUCTING SECURITIES PURCHASES AMOUNT,0.0,0,元
2026-10-06,DA_KRW,AFTER DEDUCTING SECURITIES PURCHASES AMOUNT,0.0,0,元
2026-10-06,PFUR_NTD,PAYABLES FOR UNITS REDEEMED,-16.22,-2383072458,元
2026-10-07,DA_NTD,AFTER DEDUCTING SECURITIES PURCHASES AMOUNT,8.63,1239513721,元
2026-10-07,LITE US,魯門特姆控股公司,6.29,25500,股
2026-10-07,BE US,布魯姆能源公司,5.5,85000,股
2026-10-07,PLTR US,帕蘭提爾科技公司,4.98,115500,股
2026-10-07,8046,南亞電路,4.9,475000,股
2026-10-07,3017,奇鋐科技,4.27,173000,股
2026-10-07,NVDA US,輝達公司,4.22,80000,股
2026-10-07,3026,禾伸堂企,3.85,659000,股
2026-10-07,MU US,美光科技公司,3.7,15300,股
2026-10-07,5274,信驊科技,3.59,29000,股
2026-10-07,3189,景碩科技,3.48,454000,股
2026-10-07,CRWD US,Crowdstrike控股公司,3.24,55000,股
2026-10-07,3653,健策精密,2.75,58000,股
2026-10-07,2383,台光電子,2.74,66000,股
2026-10-07,HOOD US,羅賓漢市場公司,2.68,110000,股
2026-10-07,TSM US,台灣積體電路製造股份有限公司,2.62,25000,股
2026-10-07,SPCX US,太空探索科技公司,2.61,70000,股
2026-10-07,MRVL US,Marvell Technology Inc,2.52,39800,股
2026-10-07,ALAB US,Astera實驗室公司,2.38,28000,股
2026-10-07,AMD US,超微半導體公司,2.3,16000,股
2026-10-07,AXTI US,AXT公司,2.22,125000,股
2026-10-07,INTC US,英特爾,2.01,80000,股
2026-10-07,DELL US,戴爾科技公司,1.93,15000,股
2026-10-07,MSFT US,微軟公司,1.77,15000,股
2026-10-07,6976 JP,太陽誘電,1.66,103000,股
2026-10-07,2454,聯發科技,1.65,49000,股
2026-10-07,PANW US,Palo Alto Networks Inc,1.65,18300,股
2026-10-07,6787 JP,名幸電子股份有限公司,1.64,43500,股
2026-10-07,6981 JP,村田製作所有限公司,1.59,130000,股
2026-10-07,DA_USD,AFTER DEDUCTING SECURITIES PURCHASES AMOUNT,1.54,6916525,元
2026-10-07,6805,富世達股,1.52,89000,股
2026-10-07,SNDK US,晟碟公司（德拉瓦州）,1.5,4000,股
2026-10-07,SNOW US,Snowflake公司,1.44,19500,股
2026-10-07,NET US,Cloudflare公司,1.38,18100,股
2026-10-07,BMNR US,BitMineImmersion技術公司,1.1,200640,股
2026-10-07,TSEM US,塔爾半導體有限公司,0.94,17000,股
2026-10-07,LRCX US,科林研發股份有限公司,0.92,12500,股
2026-10-07,AEHR US,愛赫測試系統,0.89,45000,股
2026-10-07,STM US,意法半導體公司,0.79,63000,股
2026-10-07,FORM US,福達電子公司,0.56,18000,股
2026-10-07,COHR US,連貫公司,0.47,6300,股
2026-10-07,6857 JP,愛德萬測試,0.35,6000,股
2026-10-07,NTRA US,那提拉公司,0.35,4000,股
2026-10-07,5801 JP,古河電氣工業有限公司,0.31,50000,股
2026-10-07,NBIS US,尼比厄斯集團公眾有限公司,0.24,4500,股
2026-10-07,TWLO US,Twilio公司,0.21,3500,股
2026-10-07,IREN US,IREN有限公司,0.17,20000,股
2026-10-07,GOOGL US,Alphabet公司,0.08,1000,股
2026-10-07,AMZN US,亞馬遜公司,0.06,1000,股
2026-10-07,CRCL US,Circle網路集團公司,0.04,2000,股
2026-10-07,NOW US,ServiceNow公司,0.03,1000,股
2026-10-07,DA_CNH,AFTER DEDUCTING SECURITIES PURCHASES AMOUNT,0.0,339,元
2026-10-07,DA_KRW,AFTER DEDUCTING SECURITIES PURCHASES AMOUNT,0.0,0,元
2026-10-07,DA_JPY,AFTER DEDUCTING SECURITIES PURCHASES AMOUNT,-0.85,-605413840,元
2026-10-07,PFUR_NTD,PAYABLES FOR UNITS REDEEMED,-17.16,-2463265545,元
