etf,name,inception,aum_100m,last_seen
00981A,主動統一台股增長,2025-05-27,2924.64,2026-10-10
00403A,主動統一升級50,2026-05-12,1447.92,2026-10-10
00991A,主動復華未來50,2025-12-18,792.67,2026-10-10
00406A,主動中信台灣收益,2026-06-11,641.57,2026-10-10
00988A,主動統一全球創新,2025-11-05,546.0,2026-10-10
00982A,主動群益台灣強棒,2025-05-22,523.59,2026-10-10
00992A,主動群益科技創新,2025-12-30,447.76,2026-10-10
00990A,主動元大AI新經濟,2025-12-22,391.12,2026-10-10
00400A,主動國泰動能高息,2026-04-09,311.42,2026-10-10
00405A,主動富邦台灣龍耀,2026-06-09,250.0,2026-10-10
00407A,主動凱基台灣,2026-06-24,233.63,2026-10-10
00980A,主動野村臺灣優選,2025-05-05,204.5,2026-10-10
00985A,主動野村台灣50,2025-07-21,165.14,2026-10-10
00409A,主動復華全球50,2026-09-02,146.9,2026-10-10
00997A,主動群益美國增長,2026-04-14,129.26,2026-10-10
00999A,主動野村臺灣高息,2026-05-05,116.36,2026-10-10
00993A,主動安聯台灣,2026-02-03,104.74,2026-10-10
00984A,主動安聯台灣高息,2025-07-14,102.24,2026-10-10
00402A,主動安聯美國科技,2026-06-09,58.36,2026-10-10
00998A,主動復華金融股息,2026-04-15,56.8,2026-10-10
00995A,主動中信台灣卓越,2026-01-22,49.37,2026-10-10
00994A,主動第一金台股優,2026-01-07,46.87,2026-10-10
00411A,主動統一前沿科技,2026-08-26,46.47,2026-10-10
00996A,主動兆豐台灣豐收,2026-03-25,44.12,2026-10-10
00404A,主動聯博動能50,2026-06-09,42.15,2026-10-10
00401A,主動摩根台灣鑫收,2026-04-10,37.99,2026-10-10
00987A,主動台新優勢成長,2025-12-30,25.15,2026-10-10
00410A,主動永豐科技趨勢,2026-08-03,20.16,2026-10-10
00408A,主動第一金優股息,2026-07-15,15.46,2026-10-10
00989A,主動摩根美國科技,2025-10-22,11.68,2026-10-10
00983A,主動中信ARK創新,2025-06-18,9.43,2026-10-10
00986A,主動台新龍頭成長,2025-08-27,5.95,2026-10-10
